Q,B,54,44,9
Q,B,46,25,9
Q,B,17,72,9
Q,B,64,62,9
Q,B,40,6,9
Q,B,40,3,9
Q,B,24,77,9
Q,B,44,11,9
Q,B,12,65,9
Q,B,37,34,9
Q,B,66,77,9
Q,B,77,74,9
Q,B,64,67,9
Q,B,12,64,9
Q,B,47,66,9
Q,B,36,32,9
Q,B,21,5,9
Q,B,15,13,9
Q,B,76,4,9
Q,B,51,4,9
Q,B,70,15,9
Q,B,44,46,9
Q,B,60,17,9
Q,B,3,54,9
Q,B,14,50,9
Q,B,50,5,9
Q,B,41,20,9
Q,B,12,42,9
Q,B,35,56,9
Q,B,53,10,9
Q,B,7,76,9
Q,B,60,65,9
Q,B,42,75,9
Q,B,11,14,9
Q,B,2,76,9
Q,B,45,43,9
Q,B,67,76,9
Q,B,72,23,9
Q,B,77,51,9
Q,B,37,65,9
Q,B,40,11,9
Q,B,14,56,9
Q,B,44,40,9
Q,B,1,7,9
Q,B,55,6,9
Q,B,53,63,9
Q,B,51,61,9
Q,B,25,66,9
Q,B,52,55,9
Q,B,57,76,9
Q,B,1,27,9
Q,B,43,25,9
Q,B,10,75,9
Q,B,66,40,9
Q,B,52,50,9
Q,B,54,24,9
Q,B,77,46,9
Q,B,23,44,9
Q,B,25,35,9
Q,B,60,15,9
Q,B,53,42,9
Q,B,40,10,9
Q,B,31,21,9
Q,B,0,5,9
Q,B,2,72,9
Q,B,75,40,9
Q,B,34,7,9
Q,B,55,74,9
Q,B,46,21,9
Q,B,45,16,9
Q,B,41,75,9
Q,B,50,20,9
Q,B,77,66,9
Q,B,26,55,9
Q,B,3,6,9
Q,B,16,63,9
Q,B,2,61,9
Q,B,12,54,9
Q,B,0,61,9
Q,B,50,33,9
Q,B,25,22,9
Q,B,76,46,9
Q,B,51,20,9
Q,B,4,75,9
Q,B,66,67,9
Q,B,45,3,9
Q,B,62,17,9
Q,B,17,31,9
Q,B,35,67,9
Q,B,67,30,9
Q,B,72,75,9
Q,B,53,11,9
Q,B,77,40,9
Q,B,26,3,9
Q,B,7,46,9
Q,B,23,43,9
Q,B,10,21,9
Q,B,55,72,9
Q,B,53,55,9
Q,B,32,64,9
Q,B,66,63,9
Q,B,71,14,9
Q,B,5,77,9
Q,B,62,21,9
Q,B,25,1,9
Q,B,34,72,9
Q,B,6,37,9
Q,B,47,64,9
Q,B,47,11,9
Q,B,45,63,9
Q,B,45,47,9
Q,B,37,7,9
Q,B,16,17,9
Q,B,55,64,9
Q,B,33,36,9
Q,B,77,32,9
Q,B,45,64,9
Q,B,60,24,9
Q,B,27,62,9
Q,B,74,36,9
Q,B,46,41,9
Q,B,2,65,9
Q,B,20,0,9
Q,B,76,22,9
Q,B,20,24,9
Q,B,41,21,9
Q,B,2,46,9
Q,B,70,25,9
Q,B,66,35,9
Q,B,73,72,9
Q,B,7,5,9
Q,B,56,10,9
Q,B,41,10,9
Q,B,23,46,9
Q,B,41,3,9
Q,B,4,42,9
Q,B,37,33,9
Q,B,1,55,9
Q,B,21,54,9
Q,B,75,42,9
Q,B,7,72,9
Q,B,13,36,9
Q,B,22,56,9
Q,B,62,22,9
Q,B,52,1,9
Q,B,37,60,9
Q,B,40,60,9
Q,B,20,10,9
Q,B,67,46,9
Q,B,62,12,9
Q,B,52,71,9
Q,B,27,71,9
Q,B,67,36,9
Q,B,61,0,9
Q,B,53,33,9
Q,B,46,60,9
Q,B,22,67,9
Q,B,45,34,9
Q,B,64,73,9
Q,B,11,32,9
Q,B,7,31,9
Q,B,45,60,9
Q,B,7,51,9
Q,B,54,13,9
Q,B,75,41,9
Q,B,6,5,9
Q,B,21,42,9
Q,B,20,22,9
Q,B,45,11,9
Q,B,46,57,9
Q,B,4,44,9
Q,B,0,25,9
Q,B,11,36,9
Q,B,52,12,9
Q,B,62,52,9
Q,B,24,14,9
Q,B,15,63,9
Q,B,50,37,9
Q,B,74,31,9
Q,B,54,15,9
Q,B,27,57,9
Q,B,20,27,9
Q,B,20,54,9
Q,B,46,20,9
Q,B,76,3,9
Q,B,36,56,9
Q,B,62,13,9
Q,B,51,6,9
Q,B,72,15,9
Q,B,75,2,9
Q,B,33,55,9
Q,B,14,62,9
Q,B,66,27,9
Q,B,24,45,9
Q,B,76,6,9
Q,B,34,14,9
Q,B,2,43,9
Q,B,37,51,9
Q,B,12,45,9
Q,B,15,46,9
Q,B,71,33,9
Q,B,13,62,9
Q,B,7,56,9
Q,B,54,21,9
Q,B,6,55,9
Q,B,4,14,9
Q,B,51,32,9
Q,B,14,45,9
Q,B,31,65,9
Q,B,40,67,9
Q,B,73,27,9
Q,B,35,7,9
Q,B,2,42,9
Q,B,61,63,9
Q,B,56,66,9
Q,B,14,40,9
Q,B,57,51,9
Q,B,71,34,9
Q,B,42,70,9
Q,B,53,34,9
Q,B,46,71,9
Q,B,46,62,9
Q,B,65,45,9
Q,B,76,53,9
Q,B,77,12,9
Q,B,5,76,9
Q,B,2,47,9
Q,B,31,50,9
Q,B,53,57,9
Q,B,61,50,9
Q,B,35,51,9
Q,B,15,55,9
Q,B,1,24,9
Q,B,70,32,9
Q,B,43,77,9
Q,B,20,53,9
Q,B,63,36,9
Q,B,41,72,9
Q,B,36,53,9
Q,B,17,45,9
Q,B,15,34,9
Q,B,44,67,9
Q,B,43,15,9
Q,B,17,16,9
Q,B,34,63,9
Q,B,26,16,9
Q,B,7,21,9
Q,B,0,35,9
Q,B,40,47,9
Q,B,65,67,9
Q,B,2,4,9
Q,B,22,62,9
Q,B,3,47,9
Q,B,76,24,9
Q,B,4,53,9
Q,B,4,47,9
Q,B,27,36,9
Q,B,50,11,9
Q,B,57,5,9
Q,B,72,32,9
Q,B,13,3,9
Q,B,12,40,9
Q,B,5,45,9
Q,B,60,0,9
Q,B,40,15,9
Q,B,60,43,9
Q,B,35,1,9
Q,B,5,22,9
Q,B,43,4,9
Q,B,57,20,9
Q,B,15,5,9
Q,B,74,33,9
Q,B,23,72,9
Q,B,13,50,9
Q,B,77,57,9
Q,B,50,35,9
Q,B,23,66,9
Q,B,24,25,9
Q,B,60,3,9
Q,B,32,0,9
Q,B,30,75,9
Q,B,64,17,9
Q,B,30,14,9
Q,B,74,1,9
Q,B,47,65,9
Q,B,47,45,9
Q,B,24,27,9
Q,B,10,66,9
Q,B,51,75,9
Q,B,63,32,9
Q,B,21,26,9
Q,B,41,46,9
Q,B,55,13,9
Q,B,76,77,9
Q,B,67,60,9
Q,B,37,32,9
Q,B,30,6,9
Q,B,14,11,9
Q,B,76,13,9
Q,B,63,23,9
Q,B,3,73,9
Q,B,25,50,9
Q,B,75,25,9
Q,B,44,22,9
Q,B,75,3,9
Q,B,60,12,9
Q,B,23,40,9
Q,B,37,57,9
Q,B,54,72,9
Q,B,54,55,9
Q,B,26,52,9
Q,B,10,67,9
Q,B,25,43,9
Q,B,32,35,9
Q,B,32,42,9
Q,B,34,3,9
Q,B,46,17,9
Q,B,64,0,9
Q,B,6,32,9
Q,B,73,34,9
Q,B,66,12,9
Q,B,74,26,9
Q,B,76,43,9
Q,B,77,37,9
Q,B,73,0,9
Q,B,70,53,9
Q,B,12,43,9
Q,B,21,50,9
Q,B,10,56,9
Q,B,55,33,9
Q,B,31,15,9
Q,B,16,32,9
Q,B,63,26,9
Q,B,2,63,9
Q,B,20,70,9
Q,B,43,13,9
Q,B,43,17,9
Q,B,43,54,9
Q,B,47,40,9
Q,B,12,51,9
Q,B,33,54,9
Q,B,12,35,9
Q,B,57,7,9
Q,B,21,12,9
Q,B,41,13,9
Q,B,17,40,9
Q,B,55,46,9
Q,B,47,27,9
Q,B,57,26,9
Q,B,76,35,9
Q,B,56,47,9
Q,B,33,72,9
Q,B,76,65,9
Q,B,37,67,9
Q,B,40,27,9
Q,B,1,62,9
Q,B,37,50,9
Q,B,62,26,9
Q,B,73,31,9
Q,B,6,41,9
Q,B,67,57,9
Q,B,17,53,9
Q,B,15,36,9
Q,B,22,74,9
Q,B,22,64,9
Q,B,32,6,9
Q,B,30,53,9
Q,B,64,21,9
Q,B,20,4,9
Q,B,66,32,9
Q,B,16,77,9
Q,B,13,30,9
Q,B,14,66,9
Q,B,72,41,9
Q,B,5,64,9
Q,B,30,56,9
Q,B,51,14,9
Q,B,45,66,9
Q,B,10,13,9
Q,B,36,0,9
Q,B,37,10,9
Q,B,0,37,9
Q,B,40,17,9
Q,B,27,5,9
Q,B,56,16,9
Q,B,24,23,9
Q,B,34,70,9
Q,B,10,44,9
Q,B,77,20,9
Q,B,63,73,9
Q,B,27,17,9
Q,B,34,10,9
Q,B,34,74,9
Q,B,24,6,9
Q,B,53,3,9
Q,B,40,44,9
Q,B,7,1,9
Q,B,30,33,9
Q,B,6,16,9
Q,B,20,51,9
Q,B,62,10,9
Q,B,65,31,9
Q,B,70,54,9
Q,B,1,43,9
Q,B,72,40,9
Q,B,64,53,9
Q,B,51,15,9
Q,B,76,0,9
Q,B,27,66,9
Q,B,36,66,9
Q,B,53,56,9
Q,B,30,60,9
Q,B,34,16,9
Q,B,62,2,9
Q,B,14,47,9
Q,B,66,1,9
Q,B,24,51,9
Q,B,45,6,9
Q,B,40,7,9
Q,B,46,5,9
Q,B,16,62,9
Q,B,14,5,9
Q,B,13,73,9
Q,B,42,32,9
Q,B,66,46,9
Q,B,14,31,9
Q,B,77,34,9
Q,B,36,60,9
Q,B,12,44,9
Q,B,7,77,9
Q,B,16,11,9
Q,B,43,41,9
Q,B,13,16,9
Q,B,34,71,9
Q,B,52,36,9
Q,B,43,71,9
Q,B,74,27,9
Q,B,75,47,9
Q,B,2,3,9
Q,B,54,74,9
Q,B,31,53,9
Q,B,62,16,9
Q,B,14,75,9
Q,B,56,32,9
Q,B,65,16,9
Q,B,56,71,9
Q,B,43,6,9
Q,B,46,61,9
Q,B,4,67,9
Q,B,3,20,9
Q,B,42,20,9
Q,B,25,44,9
Q,B,5,16,9
Q,B,3,76,9
Q,B,37,13,9
Q,B,65,54,9
Q,B,52,63,9
Q,B,10,61,9
Q,B,5,3,9
Q,B,12,1,9
Q,B,31,16,9
Q,B,65,0,9
Q,B,67,65,9
Q,B,73,63,9
Q,B,53,25,9
Q,B,77,23,9
Q,B,15,41,9
Q,B,56,67,9
Q,B,75,43,9
Q,B,60,30,9
Q,B,64,35,9
Q,B,74,52,9
Q,B,57,21,9
Q,B,14,52,9
Q,B,70,43,9
Q,B,44,61,9
Q,B,61,62,9
Q,B,12,70,9
Q,B,50,22,9
Q,B,64,46,9
Q,B,36,4,9
Q,B,54,7,9
Q,B,75,10,9
Q,B,31,17,9
Q,B,62,20,9
Q,B,74,76,9
Q,B,41,17,9
Q,B,7,63,9
Q,B,20,76,9
Q,B,32,51,9
Q,B,7,67,9
Q,B,7,42,9
Q,B,72,42,9
Q,B,61,12,9
Q,B,60,46,9
Q,B,77,70,9
Q,B,62,41,9
Q,B,62,64,9
Q,B,4,76,9
Q,B,51,27,9
Q,B,76,33,9
Q,B,67,10,9
Q,B,16,27,9
Q,B,1,0,9
Q,B,45,7,9
Q,B,2,35,9
Q,B,41,22,9
Q,B,36,1,9
Q,B,44,2,9
Q,B,36,51,9
Q,B,75,1,9
Q,B,3,22,9
Q,B,6,43,9
Q,B,46,44,9
Q,B,40,62,9
Q,B,34,53,9
Q,B,10,0,9
Q,B,50,54,9
Q,B,3,72,9
Q,B,42,1,9
Q,B,35,30,9
Q,B,43,20,9
Q,B,75,50,9
Q,B,44,0,9
Q,B,34,62,9
Q,B,52,54,9
Q,B,13,17,9
Q,B,2,32,9
Q,B,43,60,9
Q,B,70,4,9
Q,B,27,74,9
Q,B,32,73,9
Q,B,3,65,9
Q,B,35,50,9
Q,B,22,50,9
Q,B,14,34,9
Q,B,51,2,9
Q,B,72,22,9
Q,B,23,0,9
Q,B,63,6,9
Q,B,61,72,9
Q,B,71,15,9
Q,B,31,14,9
Q,B,55,15,9
Q,B,62,53,9
Q,B,63,41,9
Q,B,46,23,9
Q,B,20,6,9
Q,B,46,26,9
Q,B,52,74,9
Q,B,37,16,9
Q,B,17,65,9
Q,B,0,55,9
Q,B,43,3,9
Q,B,25,70,9
Q,B,0,50,9
Q,B,55,44,9
Q,B,21,31,9
Q,B,10,73,9
Q,B,20,56,9
Q,B,70,0,9
Q,B,2,27,9
Q,B,2,26,9
Q,B,51,5,9
Q,B,60,33,9
Q,B,77,56,9
Q,B,55,76,9
Q,B,62,32,9
Q,B,34,77,9
Q,B,47,21,9
Q,B,21,47,9
Q,B,71,53,9
Q,B,17,41,9
Q,B,32,76,9
Q,B,47,61,9
Q,B,1,26,9
Q,B,65,76,9
Q,B,65,14,9
Q,B,55,5,9
Q,B,50,13,9
Q,B,10,36,9
Q,B,4,71,9
Q,B,51,21,9
Q,B,56,36,9
Q,B,6,7,9
Q,B,42,16,9
Q,B,51,7,9
Q,B,53,70,9
Q,B,67,42,9
Q,B,50,73,9
Q,B,57,35,9
Q,B,50,41,9
Q,B,61,60,9
Q,B,46,42,9
Q,B,21,72,9
Q,B,44,45,9
Q,B,77,27,9
Q,B,67,32,9
Q,B,24,5,9
Q,B,53,77,9
Q,B,16,52,9
Q,B,37,55,9
Q,B,55,0,9
Q,B,15,44,9
Q,B,61,25,9
Q,B,16,14,9
Q,B,24,33,9
Q,B,50,31,9
Q,B,52,16,9
Q,B,34,13,9
Q,B,32,5,9
Q,B,77,3,9
Q,B,26,47,9
Q,B,11,62,9
Q,B,36,12,9
Q,B,74,42,9
Q,B,5,41,9
Q,B,23,76,9
Q,B,72,43,9
Q,B,67,33,9
Q,B,14,54,9
Q,B,2,67,9
Q,B,27,1,9
Q,B,44,21,9
Q,B,77,26,9
Q,B,57,10,9
Q,B,1,4,9
Q,B,14,63,9
Q,B,25,46,9
Q,B,45,54,9
Q,B,54,5,9
Q,B,51,31,9
Q,B,23,53,9
Q,B,33,23,9
Q,B,4,21,9
Q,B,23,67,9
Q,B,22,46,9
Q,B,76,66,9
Q,B,10,31,9
Q,B,22,6,9
Q,B,54,52,9
Q,B,31,2,9
Q,B,31,5,9
Q,B,41,61,9
Q,B,55,11,9
Q,B,6,3,9
Q,B,30,11,9
Q,B,44,23,9
Q,B,6,20,9
Q,B,65,63,9
Q,B,62,60,9
Q,B,51,50,9
Q,B,32,12,9
Q,B,36,55,9
Q,B,3,37,9
Q,B,51,25,9
Q,B,75,24,9
Q,B,76,57,9
Q,B,64,45,9
Q,B,67,22,9
Q,B,73,14,9
Q,B,25,5,9
Q,B,36,5,9
Q,B,73,62,9
Q,B,56,33,9
Q,B,42,14,9
Q,B,61,51,9
Q,B,26,7,9
Q,B,47,26,9
Q,B,7,20,9
Q,B,64,10,9
Q,B,60,63,9
Q,B,17,62,9
Q,B,44,7,9
Q,B,26,21,9
Q,B,40,65,9
Q,B,40,4,9
Q,B,41,25,9
Q,B,4,27,9
Q,B,74,14,9
Q,B,0,36,9
Q,B,54,35,9
Q,B,75,70,9
Q,B,23,5,9
Q,B,50,40,9
Q,B,41,50,9
Q,B,62,63,9
Q,B,76,75,9
Q,B,63,10,9
Q,B,34,66,9
Q,B,73,57,9
Q,B,72,46,9
Q,B,20,74,9
Q,B,25,72,9
Q,B,74,41,9
Q,B,70,37,9
Q,B,10,57,9
Q,B,13,56,9
Q,B,20,50,9
Q,B,61,16,9
Q,B,45,13,9
Q,B,26,75,9
Q,B,30,72,9
Q,B,53,13,9
Q,B,11,43,9
Q,B,11,30,9
Q,B,17,67,9
Q,B,53,72,9
Q,B,20,47,9
Q,B,6,17,9
Q,B,57,23,9
Q,B,16,37,9
Q,B,14,37,9
Q,B,41,15,9
Q,B,27,55,9
Q,B,27,53,9
Q,B,61,67,9
Q,B,6,44,9
Q,B,53,75,9
Q,B,74,13,9
Q,B,0,27,9
Q,B,23,32,9
Q,B,2,0,9
Q,B,45,75,9
Q,B,53,71,9
Q,B,45,24,9
Q,B,73,4,9
Q,B,22,43,9
Q,B,47,73,9
Q,B,42,74,9
Q,B,54,50,9
Q,B,50,52,9
Q,B,51,73,9
Q,B,66,44,9
Q,B,22,23,9
Q,B,43,47,9
Q,B,1,10,9
Q,B,54,37,9
Q,B,71,44,9
Q,B,63,14,9
Q,B,5,15,9
Q,B,0,71,9
Q,B,53,6,9
Q,B,0,72,9
Q,B,10,32,9
Q,B,37,15,9
Q,B,50,4,9
Q,B,63,12,9
Q,B,60,23,9
Q,B,71,7,9
Q,B,17,44,9
Q,B,44,65,9
Q,B,51,0,9
Q,B,1,50,9
Q,B,36,3,9
Q,B,16,67,9
Q,B,74,25,9
Q,B,41,65,9
Q,B,10,15,9
Q,B,71,37,9
Q,B,16,13,9
Q,B,24,41,9
Q,B,64,43,9
Q,B,56,34,9
Q,B,35,77,9
Q,B,67,7,9
Q,B,60,66,9
Q,B,13,70,9
Q,B,34,50,9
Q,B,55,75,9
Q,B,15,51,9
Q,B,64,13,9
Q,B,16,75,9
Q,B,4,63,9
Q,B,25,62,9
Q,B,32,74,9
Q,B,32,3,9
Q,B,24,3,9
Q,B,43,26,9
Q,B,37,35,9
Q,B,1,73,9
Q,B,21,10,9
Q,B,26,5,9
Q,B,23,55,9
Q,B,71,75,9
Q,B,35,64,9
Q,B,5,72,9
Q,B,62,5,9
Q,B,54,23,9
Q,B,21,43,9
Q,B,73,75,9
Q,B,35,5,9
Q,B,2,70,9
Q,B,10,46,9
Q,B,43,66,9
Q,B,16,42,9
Q,B,16,47,9
Q,B,56,77,9
Q,B,56,27,9
Q,B,74,72,9
Q,B,11,1,9
Q,B,31,42,9
Q,B,41,45,9
Q,B,26,44,9
Q,B,30,62,9
Q,B,3,5,9
Q,B,33,4,9
Q,B,45,12,9
Q,B,13,72,9
Q,B,41,4,9
Q,B,41,27,9
Q,B,66,47,9
Q,B,52,10,9
Q,B,50,6,9
Q,B,32,33,9
Q,B,63,62,9
Q,B,0,20,9
Q,B,33,5,9
Q,B,63,30,9
Q,B,36,33,9
Q,B,3,45,9
Q,B,33,56,9
Q,B,47,67,9
Q,B,17,12,9
Q,B,26,65,9
Q,B,35,63,9
Q,B,16,70,9
Q,B,34,45,9
Q,B,13,14,9
Q,B,30,10,9
Q,B,25,27,9
Q,B,65,15,9
Q,B,14,71,9
Q,B,51,60,9
Q,B,71,52,9
Q,B,6,63,9
Q,B,4,65,9
Q,B,24,26,9
Q,B,44,71,9
Q,B,0,57,9
Q,B,42,73,9
Q,B,67,15,9
Q,B,50,17,9
Q,B,77,15,9
Q,B,13,63,9
Q,B,24,55,9
Q,B,25,21,9
Q,B,66,31,9
Q,B,4,62,9
Q,B,23,33,9
Q,B,25,53,9
Q,B,27,40,9
Q,B,17,50,9
Q,B,40,0,9
Q,B,30,61,9
Q,B,70,5,9
Q,B,30,63,9
Q,B,1,71,9
Q,B,31,0,9
Q,B,20,63,9
Q,B,74,53,9
Q,B,45,44,9
Q,B,71,76,9
Q,B,77,2,9
Q,B,37,17,9
Q,B,60,1,9
Q,B,32,36,9
Q,B,74,77,9
Q,B,26,63,9
Q,B,67,16,9
Q,B,55,3,9
Q,B,35,17,9
Q,B,47,3,9
Q,B,0,62,9
Q,B,0,30,9
Q,B,30,4,9
Q,B,56,35,9
Q,B,5,40,9
Q,B,6,57,9
Q,B,63,40,9
Q,B,43,72,9
Q,B,57,31,9
Q,B,5,52,9
Q,B,47,57,9
Q,B,72,47,9
Q,B,25,55,9
Q,B,32,4,9
Q,B,55,30,9
Q,B,1,47,9
Q,B,17,26,9
Q,B,71,27,9
Q,B,36,70,9
Q,B,60,25,9
Q,B,17,47,9
Q,B,24,72,9
Q,B,41,1,9
Q,B,34,25,9
Q,B,32,54,9
Q,B,41,31,9
Q,B,61,14,9
Q,B,24,64,9
Q,B,64,36,9
Q,B,20,40,9
Q,B,50,16,9
Q,B,50,0,9
Q,B,27,37,9
Q,B,65,13,9
Q,B,60,26,9
Q,B,53,50,9
Q,B,20,26,9
Q,B,7,54,9
Q,B,33,32,9
Q,B,65,23,9
Q,B,61,43,9
Q,B,64,54,9
Q,B,5,42,9
Q,B,32,61,9
Q,B,47,4,9
Q,B,45,62,9
Q,B,53,43,9
Q,B,0,44,9
Q,B,24,35,9
Q,B,12,67,9
Q,B,15,61,9
Q,B,4,57,9
Q,B,1,52,9
Q,B,24,0,9
Q,B,16,41,9
Q,B,44,74,9
Q,B,71,2,9
Q,B,35,54,9
Q,B,24,57,9
Q,B,1,6,9
Q,B,23,2,9
Q,B,13,71,9
Q,B,23,13,9
Q,B,70,77,9
Q,B,7,47,9
Q,B,47,22,9
Q,B,56,5,9
Q,B,11,72,9
Q,B,23,57,9
Q,B,21,75,9
Q,B,45,22,9
Q,B,4,20,9
Q,B,62,15,9
Q,B,35,25,9
Q,B,77,50,9
Q,B,27,6,9
Q,B,0,66,9
Q,B,66,43,9
Q,B,33,6,9
Q,B,73,30,9
Q,B,33,10,9
Q,B,42,44,9
Q,B,0,70,9
Q,B,15,31,9
Q,B,42,0,9
Q,B,44,64,9
Q,B,13,24,9
Q,B,55,14,9
Q,B,23,73,9
Q,B,33,24,9
Q,B,23,63,9
Q,B,17,76,9
Q,B,52,32,9
Q,B,50,1,9
Q,B,12,76,9
Q,B,5,60,9
Q,B,67,5,9
Q,B,41,74,9
Q,B,47,12,9
Q,B,32,70,9
Q,B,57,47,9
Q,B,42,21,9
Q,B,24,76,9
Q,B,44,43,9
Q,B,45,76,9
Q,B,24,46,9
Q,B,57,0,9
Q,B,31,76,9
Q,B,34,75,9
Q,B,12,22,9
Q,B,33,43,9
Q,B,51,52,9
Q,B,27,50,9
Q,B,74,17,9
Q,B,63,74,9
Q,B,21,61,9
Q,B,25,26,9
Q,B,3,57,9
Q,B,50,23,9
Q,B,76,17,9
Q,B,2,57,9
Q,B,62,65,9
Q,B,21,4,9
Q,B,51,24,9
Q,B,37,76,9
Q,B,67,35,9
Q,B,42,47,9
Q,B,61,30,9
Q,B,71,5,9
Q,B,54,53,9
Q,B,15,52,9
Q,B,3,14,9
Q,B,31,22,9
Q,B,73,22,9
Q,B,27,43,9
Q,B,40,63,9
Q,B,22,75,9
Q,B,32,63,9
Q,B,50,27,9
Q,B,2,23,9
Q,B,42,13,9
Q,B,45,61,9
Q,B,46,56,9
Q,B,56,52,9
Q,B,10,17,9
Q,B,40,12,9
Q,B,63,43,9
Q,B,26,37,9
Q,B,50,74,9
Q,B,0,10,9
Q,B,24,61,9
Q,B,15,4,9
Q,B,63,21,9
Q,B,2,40,9
Q,B,27,77,9
Q,B,37,61,9
Q,B,61,46,9
Q,B,55,23,9
Q,B,65,64,9
Q,B,4,34,9
Q,B,1,65,9
Q,B,75,64,9
Q,B,50,55,9
Q,B,4,46,9
Q,B,40,31,9
Q,B,64,30,9
Q,B,37,46,9
Q,B,57,1,9
Q,B,13,4,9
Q,B,11,61,9
Q,B,35,60,9
Q,B,64,22,9
Q,B,61,44,9
Q,B,24,70,9
Q,B,16,35,9
Q,B,13,42,9
Q,B,71,11,9
Q,B,7,24,9
Q,B,14,13,9
Q,B,62,61,9
Q,B,71,24,9
Q,B,64,3,9
Q,B,12,37,9
Q,B,46,13,9
Q,B,21,70,9
Q,B,11,52,9
Q,B,55,20,9
Q,B,64,24,9
Q,B,60,21,9
Q,B,72,70,9
Q,B,27,56,9
Q,B,61,45,9
Q,B,53,7,9
Q,B,10,11,9
Q,B,47,7,9
Q,B,52,77,9
Q,B,21,53,9
Q,B,25,74,9
Q,B,25,64,9
Q,B,44,24,9
Q,B,3,66,9
Q,B,23,22,9
Q,B,11,42,9
Q,B,32,43,9
Q,B,72,6,9
Q,B,73,26,9
Q,B,74,40,9
Q,B,60,44,9
Q,B,25,20,9
Q,B,61,35,9
Q,B,51,30,9
Q,B,57,2,9
Q,B,21,25,9
Q,B,41,11,9
Q,B,2,1,9
Q,B,73,17,9
Q,B,64,55,9
Q,B,11,66,9
Q,B,3,62,9
Q,B,11,53,9
Q,B,11,16,9
Q,B,27,21,9
Q,B,72,44,9
Q,B,11,41,9
Q,B,20,1,9
Q,B,62,47,9
Q,B,22,20,9
Q,B,60,34,9
Q,B,7,0,9
Q,B,41,62,9
Q,B,65,36,9
Q,B,21,22,9
Q,B,54,71,9
Q,B,21,7,9
Q,B,73,71,9
Q,B,61,36,9
Q,B,23,75,9
Q,B,44,3,9
Q,B,47,36,9
Q,B,13,22,9
Q,B,1,12,9
Q,B,12,36,9
Q,B,55,57,9
Q,B,53,76,9
Q,B,64,7,9
Q,B,10,51,9
Q,B,51,12,9
Q,B,53,30,9
Q,B,47,77,9
Q,B,42,76,9
Q,B,71,4,9
Q,B,21,60,9
Q,B,34,73,9
Q,B,7,6,9
Q,B,3,43,9
Q,B,4,40,9
Q,B,26,43,9
Q,B,46,16,9
Q,B,77,41,9
Q,B,0,21,9
Q,B,75,76,9
Q,B,20,67,9
Q,B,3,52,9
Q,B,14,4,9
Q,B,73,21,9
Q,B,43,74,9
Q,B,30,5,9
Q,B,6,4,9
Q,B,77,0,9
Q,B,65,22,9
Q,B,5,0,9
Q,B,10,74,9
Q,B,36,77,9
Q,B,47,13,9
Q,B,11,50,9
Q,B,13,76,9
Q,B,2,34,9
Q,B,55,54,9
Q,B,23,77,9
Q,B,26,62,9
Q,B,71,31,9
Q,B,0,75,9
Q,B,54,31,9
Q,B,35,72,9
Q,B,30,57,9
Q,B,46,24,9
Q,B,56,55,9
Q,B,37,36,9
Q,B,26,22,9
Q,B,30,20,9
Q,B,60,42,9
Q,B,47,16,9
Q,B,61,65,9
Q,B,36,26,9
Q,B,67,44,9
Q,B,62,7,9
Q,B,25,23,9
Q,B,76,30,9
Q,B,77,43,9
Q,B,71,21,9
Q,B,74,54,9
Q,B,0,11,9
Q,B,7,62,9
Q,B,30,15,9
Q,B,70,23,9
Q,B,33,3,9
Q,B,51,55,9
Q,B,74,35,9
Q,B,53,23,9
Q,B,55,73,9
Q,B,61,21,9
Q,B,22,1,9
Q,B,63,52,9
Q,B,11,54,9
Q,B,56,14,9
Q,B,27,25,9
Q,B,15,73,9
Q,B,54,11,9
Q,B,77,31,9
Q,B,34,24,9
Q,B,50,3,9
Q,B,64,75,9
Q,B,32,31,9
Q,B,36,65,9
Q,B,72,5,9
Q,B,63,20,9
Q,B,37,0,9
Q,B,41,30,9
Q,B,20,45,9
Q,B,74,34,9
Q,B,71,30,9
Q,B,70,12,9
Q,B,53,54,9
Q,B,12,30,9
Q,B,45,17,9
Q,B,11,55,9
Q,B,23,26,9
Q,B,62,73,9
Q,B,61,2,9
Q,B,21,30,9
Q,B,43,62,9
Q,B,66,41,9
Q,B,76,71,9
Q,B,61,37,9
Q,B,44,47,9
Q,B,63,31,9
Q,B,65,46,9
Q,B,31,36,9
Q,B,17,30,9
Q,B,27,20,9
Q,B,2,6,9
Q,B,17,27,9
Q,B,52,13,9
Q,B,66,45,9
Q,B,70,17,9
Q,B,75,56,9
Q,B,4,7,9
Q,B,73,15,9
Q,B,14,44,9
Q,B,66,33,9
Q,B,16,10,9
Q,B,74,4,9
Q,B,76,14,9
Q,B,26,76,9
Q,B,6,21,9
Q,B,17,46,9
Q,B,57,56,9
Q,B,23,70,9
Q,B,1,63,9
Q,B,72,13,9
Q,B,7,16,9
Q,B,72,20,9
Q,B,75,33,9
Q,B,14,15,9
Q,B,15,47,9
Q,B,72,1,9
Q,B,70,26,9
Q,B,62,0,9
Q,B,23,14,9
Q,B,30,76,9
Q,B,20,73,9
Q,B,5,21,9
Q,B,51,72,9
Q,B,64,41,9
Q,B,75,7,9
Q,B,25,16,9
Q,B,24,67,9
Q,B,40,70,9
Q,B,63,45,9
Q,B,31,37,9
Q,B,66,42,9
Q,B,6,26,9
Q,B,52,62,9
Q,B,24,56,9
Q,B,4,74,9
Q,B,31,32,9
Q,B,20,65,9
Q,B,72,77,9
Q,B,73,50,9
Q,B,33,51,9
Q,B,60,41,9
Q,B,57,32,9
Q,B,57,46,9
Q,B,23,60,9
Q,B,37,62,9
Q,B,55,26,9
Q,B,73,46,9
Q,B,32,14,9
Q,B,34,15,9
Q,B,65,34,9
Q,B,0,31,9
Q,B,2,74,9
Q,B,6,77,9
Q,B,22,65,9
Q,B,62,45,9
Q,B,24,21,9
Q,B,31,77,9
Q,B,75,34,9
Q,B,65,5,9
Q,B,54,36,9
Q,B,17,42,9
Q,B,32,56,9
Q,B,50,14,9
Q,B,52,4,9
Q,B,47,56,9
Q,B,55,70,9
Q,B,47,10,9
Q,B,32,71,9
Q,B,60,14,9
Q,B,66,55,9
Q,B,35,75,9
Q,B,12,57,9
Q,B,51,71,9
Q,B,27,65,9
Q,B,63,47,9
Q,B,40,25,9
Q,B,42,77,9
Q,B,71,42,9
Q,B,26,1,9
Q,B,70,24,9
Q,B,71,73,9
Q,B,0,54,9
Q,B,53,44,9
Q,B,54,25,9
Q,B,74,45,9
Q,B,74,12,9
Q,B,7,32,9
Q,B,72,35,9
Q,B,47,24,9
Q,B,10,76,9
Q,B,45,67,9
Q,B,6,67,9
Q,B,56,57,9
Q,B,21,57,9
Q,B,34,17,9
Q,B,6,15,9
Q,B,11,35,9
Q,B,13,35,9
Q,B,55,65,9
Q,B,51,17,9
Q,B,51,74,9
Q,B,44,20,9
Q,B,56,46,9
Q,B,55,71,9
Q,B,17,37,9
Q,B,36,64,9
Q,B,16,61,9
Q,B,5,44,9
Q,B,10,70,9
Q,B,60,10,9
Q,B,43,61,9
Q,B,11,10,9
Q,B,64,63,9
Q,B,73,2,9
Q,B,17,52,9
Q,B,22,77,9
Q,B,23,50,9
Q,B,71,45,9
Q,B,17,61,9
Q,B,16,36,9
Q,B,76,51,9
Q,B,67,40,9
Q,B,21,55,9
Q,B,10,52,9
Q,B,23,7,9
Q,B,17,10,9
Q,B,14,46,9
Q,B,47,17,9
Q,B,40,26,9
Q,B,40,74,9
Q,B,64,12,9
Q,B,17,33,9
Q,B,61,31,9
Q,B,55,35,9
Q,B,62,14,9
Q,B,46,27,9
Q,B,45,40,9
Q,B,60,40,9
Q,B,60,6,9
Q,B,35,37,9
Q,B,64,66,9
Q,B,16,60,9
Q,B,23,52,9
Q,B,10,16,9
Q,B,41,44,9
Q,B,16,15,9
Q,B,3,25,9
Q,B,32,60,9
Q,B,6,36,9
Q,B,17,36,9
Q,B,0,65,9
Q,B,11,77,9
Q,B,74,50,9
Q,B,30,54,9
Q,B,36,57,9
Q,B,14,61,9
Q,B,70,20,9
Q,B,73,47,9
Q,B,26,60,9
Q,B,32,2,9
Q,B,40,61,9
Q,B,42,62,9
Q,B,20,55,9
Q,B,5,20,9
Q,B,21,67,9
Q,B,65,11,9
Q,B,14,60,9
Q,B,44,16,9
Q,B,73,20,9
Q,B,24,54,9
Q,B,32,34,9
Q,B,20,11,9
Q,B,71,12,9
Q,B,72,14,9
Q,B,45,41,9
Q,B,56,45,9
Q,B,0,4,9
Q,B,1,22,9
Q,B,51,13,9
Q,B,12,31,9
Q,B,4,30,9
Q,B,76,44,9
Q,B,11,51,9
Q,B,42,23,9
Q,B,5,53,9
Q,B,46,0,9
Q,B,16,64,9
Q,B,32,23,9
Q,B,23,65,9
Q,B,53,73,9
Q,B,54,70,9
Q,B,47,60,9
Q,B,56,23,9
Q,B,36,54,9
Q,B,13,41,9
Q,B,16,46,9
Q,B,67,45,9
Q,B,40,22,9
Q,B,23,27,9
Q,B,42,66,9
Q,B,40,64,9
Q,B,22,73,9
Q,B,12,74,9
Q,B,63,2,9
Q,B,25,76,9
Q,B,4,55,9
Q,B,56,37,9
Q,B,25,45,9
Q,B,21,62,9
Q,B,43,76,9
Q,B,67,4,9
Q,B,4,26,9
Q,B,67,26,9
Q,B,57,17,9
Q,B,37,4,9
Q,B,51,1,9
Q,B,3,60,9
Q,B,7,50,9
Q,B,6,46,9
Q,B,15,54,9
Q,B,17,32,9
Q,B,10,43,9
Q,B,42,46,9
Q,B,0,46,9
Q,B,43,1,9
Q,B,55,45,9
Q,B,44,42,9
Q,B,62,66,9
Q,B,15,64,9
Q,B,22,44,9
Q,B,73,6,9
Q,B,36,74,9
Q,B,37,70,9
Q,B,33,30,9
Q,B,31,64,9
Q,B,57,24,9
Q,B,31,41,9
Q,B,11,40,9
Q,B,44,63,9
Q,B,51,10,9
Q,B,55,37,9
Q,B,42,53,9
Q,B,32,52,9
Q,B,20,23,9
Q,B,26,77,9
Q,B,75,37,9
Q,B,74,56,9
Q,B,42,61,9
Q,B,76,47,9
Q,B,64,44,9
Q,B,74,0,9
Q,B,3,71,9
Q,B,4,56,9
Q,B,57,66,9
Q,B,77,21,9
Q,B,30,12,9
Q,B,76,54,9
Q,B,62,40,9
Q,B,27,46,9
Q,B,65,74,9
Q,B,31,34,9
Q,B,77,71,9
Q,B,71,26,9
Q,B,42,25,9
Q,B,75,55,9
Q,B,77,25,9
Q,B,1,3,9
Q,B,75,4,9
Q,B,16,56,9
Q,B,41,77,9
Q,B,65,37,9
Q,B,22,12,9
Q,B,77,67,9
Q,B,12,47,9
Q,B,31,3,9
Q,B,13,74,9
Q,B,71,60,9
Q,B,52,11,9
Q,B,10,63,9
Q,B,74,2,9
Q,B,50,26,9
Q,B,11,75,9
Q,B,75,45,9
Q,B,16,5,9
Q,B,1,60,9
Q,B,43,11,9
Q,B,70,30,9
Q,B,11,33,9
Q,B,14,16,9
Q,B,37,72,9
Q,B,52,15,9
Q,B,34,43,9
Q,B,0,73,9
Q,B,75,77,9
Q,B,35,44,9
Q,B,1,37,9
Q,B,54,27,9
Q,B,43,27,9
Q,B,10,12,9
Q,B,22,2,9
Q,B,6,1,9
Q,B,13,61,9
Q,B,46,77,9
Q,B,32,37,9
Q,B,67,23,9
Q,B,54,77,9
Q,B,63,46,9
Q,B,3,75,9
Q,B,36,37,9
Q,B,23,62,9
Q,B,74,44,9
Q,B,47,14,9
Q,B,11,64,9
Q,B,46,73,9
Q,B,16,43,9
Q,B,37,63,9
Q,B,47,42,9
Q,B,40,42,9
Q,B,12,56,9
Q,B,47,71,9
Q,B,26,23,9
Q,B,2,13,9
Q,B,72,62,9
Q,B,52,35,9
Q,B,75,16,9
Q,B,65,2,9
Q,B,5,26,9
Q,B,76,74,9
Q,B,65,21,9
Q,B,72,45,9
Q,B,22,57,9
Q,B,61,3,9
Q,B,26,70,9
Q,B,46,47,9
Q,B,53,37,9
Q,B,12,55,9
Q,B,15,10,9
Q,B,67,47,9
Q,B,32,11,9
Q,B,17,6,9
Q,B,26,50,9
Q,B,73,74,9
Q,B,42,24,9
Q,B,4,77,9
Q,B,7,25,9
Q,B,13,2,9
Q,B,16,33,9
Q,B,31,63,9
Q,B,21,56,9
Q,B,64,61,9
Q,B,22,40,9
Q,B,23,54,9
Q,B,10,72,9
Q,B,12,75,9
Q,B,31,62,9
Q,B,25,71,9
Q,B,1,40,9
Q,B,72,33,9
Q,B,7,35,9
Q,B,62,27,9
Q,B,50,15,9
Q,B,76,55,9
Q,B,61,40,9
Q,B,6,76,9
Q,B,5,32,9
Q,B,6,47,9
Q,B,5,75,9
Q,B,25,42,9
Q,B,57,52,9
Q,B,30,17,9
Q,B,21,71,9
Q,B,72,24,9
Q,B,67,1,9
Q,B,23,71,9
Q,B,33,35,9
Q,B,55,10,9
Q,B,41,63,9
Q,B,11,12,9
Q,B,71,35,9
Q,B,74,75,9
Q,B,57,54,9
Q,B,74,20,9
Q,B,26,45,9
Q,B,42,65,9
Q,B,36,75,9
Q,B,33,53,9
Q,B,71,1,9
Q,B,10,33,9
Q,B,43,64,9
Q,B,7,70,9
Q,B,17,11,9
Q,B,42,67,9
Q,B,54,12,9
Q,B,35,10,9
Q,B,30,74,9
Q,B,62,67,9
Q,B,52,14,9
Q,B,40,21,9
Q,B,77,55,9
Q,B,70,31,9
Q,B,76,11,9
Q,B,13,53,9
Q,B,1,33,9
Q,B,66,21,9
Q,B,42,10,9
Q,B,54,2,9
Q,B,51,34,9
Q,B,11,71,9
Q,B,41,60,9
Q,B,6,64,9
Q,B,56,54,9
Q,B,54,14,9
Q,B,0,77,9
Q,B,16,66,9
Q,B,34,61,9
Q,B,30,1,9
Q,B,53,21,9
Q,B,23,25,9
Q,B,4,66,9
Q,B,14,32,9
Q,B,71,25,9
Q,B,17,74,9
Q,B,66,64,9
Q,B,66,36,9
Q,B,27,44,9
Q,B,32,53,9
Q,B,52,7,9
Q,B,60,67,9
Q,B,7,34,9
Q,B,57,22,9
Q,B,6,30,9
Q,B,66,7,9
Q,B,57,30,9
Q,B,41,73,9
Q,B,61,6,9
Q,B,16,26,9
Q,B,33,62,9
Q,B,72,71,9
Q,B,17,75,9
Q,B,14,42,9
Q,B,17,73,9
Q,B,56,73,9
Q,B,11,37,9
Q,B,41,26,9
Q,B,14,25,9
Q,B,66,2,9
Q,B,15,75,9
Q,B,31,40,9
Q,B,70,10,9
Q,B,70,71,9
Q,B,36,47,9
Q,B,34,55,9
Q,B,43,46,9
Q,B,34,37,9
Q,B,75,53,9
Q,B,35,46,9
Q,B,46,45,9
Q,B,1,51,9
Q,B,22,13,9
Q,B,35,24,9
Q,B,34,30,9
Q,B,66,26,9
Q,B,41,2,9
Q,B,2,36,9
Q,B,21,46,9
Q,B,74,57,9
Q,B,27,67,9
Q,B,32,21,9
Q,B,4,2,9
Q,B,75,73,9
Q,B,42,12,9
Q,B,24,34,9
Q,B,53,32,9
Q,B,70,75,9
Q,B,57,77,9
Q,B,3,34,9
Q,B,53,14,9
Q,B,12,14,9
Q,B,70,34,9
Q,B,33,31,9
Q,B,60,71,9
Q,B,63,17,9
Q,B,63,22,9
Q,B,2,5,9
Q,B,53,62,9
Q,B,33,42,9
Q,B,37,5,9
Q,B,31,11,9
Q,B,5,4,9
Q,B,2,66,9
Q,B,11,65,9
Q,B,2,37,9
Q,B,6,52,9
Q,B,22,4,9
Q,B,10,65,9
Q,B,74,63,9
Q,B,52,24,9
Q,B,24,13,9
Q,B,34,31,9
Q,B,35,11,9
Q,B,42,63,9
Q,B,0,56,9
Q,B,56,11,9
Q,B,45,20,9
Q,B,74,70,9
Q,B,52,43,9
Q,B,64,60,9
Q,B,66,34,9
Q,B,47,70,9
Q,B,26,15,9
Q,B,52,72,9
Q,B,75,46,9
Q,B,7,2,9
Q,B,70,55,9
Q,B,33,12,9
Q,B,75,6,9
Q,B,47,76,9
Q,B,6,50,9
Q,B,73,36,9
Q,B,31,72,9
Q,B,30,35,9
Q,B,16,55,9
Q,B,21,32,9
Q,B,75,74,9
Q,B,4,5,9
Q,B,56,7,9
Q,B,44,54,9
Q,B,24,20,9
Q,B,62,37,9
Q,B,73,12,9
Q,B,46,70,9
Q,B,76,16,9
Q,B,57,4,9
Q,B,65,17,9
Q,B,0,76,9
Q,B,26,4,9
Q,B,32,15,9
Q,B,25,36,9
Q,B,46,64,9
Q,B,74,16,9
Q,B,12,13,9
Q,B,2,25,9
Q,B,37,6,9
Q,B,46,22,9
Q,B,74,5,9
Q,B,23,1,9
Q,B,14,17,9
Q,B,76,5,9
Q,B,41,71,9
Q,B,72,21,9
Q,B,24,22,9
Q,B,5,33,9
Q,B,72,26,9
Q,B,63,3,9
Q,B,45,27,9
Q,B,44,72,9
Q,B,40,30,9
Q,B,13,51,9
Q,B,32,16,9
Q,B,45,65,9
Q,B,7,40,9
Q,B,43,45,9
Q,B,25,34,9
Q,B,16,65,9
Q,B,7,26,9
Q,B,55,31,9
Q,B,22,25,9
Q,B,27,16,9
Q,B,72,63,9
Q,B,41,76,9
Q,B,61,47,9
Q,B,57,73,9
Q,B,61,71,9
Q,B,73,13,9
Q,B,62,33,9
Q,B,66,5,9
Q,B,76,23,9
Q,B,66,57,9
Q,B,4,61,9
Q,B,15,45,9
Q,B,44,17,9
Q,B,62,3,9
Q,B,31,30,9
Q,B,65,44,9
Q,B,65,47,9
Q,B,30,21,9
Q,B,71,13,9
Q,B,7,55,9
Q,B,13,43,9
Q,B,26,71,9
Q,B,33,71,9
Q,B,27,0,9
Q,B,22,42,9
Q,B,33,0,9
Q,B,50,36,9
Q,B,17,55,9
Q,B,25,51,9
Q,B,52,53,9
Q,B,57,13,9
Q,B,62,71,9
Q,B,22,45,9
Q,B,25,40,9
Q,B,35,15,9
Q,B,67,37,9
Q,B,54,26,9
Q,B,44,12,9
Q,B,32,41,9
Q,B,31,70,9
Q,B,53,35,9
Q,B,73,16,9
Q,B,67,25,9
Q,B,36,6,9
Q,B,43,40,9
Q,B,13,52,9
Q,B,74,10,9
Q,B,6,22,9
Q,B,5,73,9
Q,B,35,34,9
Q,B,72,12,9
Q,B,20,52,9
Q,B,0,45,9
Q,B,40,75,9
Q,B,73,33,9
Q,B,15,14,9
Q,B,24,7,9
Q,B,0,1,9
Q,B,25,56,9
Q,B,67,77,9
Q,B,60,70,9
Q,B,23,21,9
Q,B,30,34,9
Q,B,61,10,9
Q,B,64,26,9
Q,B,66,14,9
Q,B,40,16,9
Q,B,66,37,9
Q,B,74,73,9
Q,B,56,24,9
Q,B,37,56,9
Q,B,41,23,9
Q,B,75,32,9
Q,B,14,70,9
Q,B,31,10,9
Q,B,76,37,9
Q,B,50,70,9
Q,B,36,35,9
Q,B,1,21,9
Q,B,55,36,9
Q,B,45,71,9
Q,B,0,53,9
Q,B,75,35,9
Q,B,36,45,9
Q,B,77,10,9
Q,B,16,25,9
Q,B,72,73,9
Q,B,73,44,9
Q,B,0,26,9
Q,B,7,52,9
Q,B,72,16,9
Q,B,44,53,9
Q,B,32,55,9
Q,B,20,66,9
Q,B,50,32,9
Q,B,27,72,9
Q,B,55,56,9
Q,B,14,76,9
Q,B,16,34,9
Q,B,54,63,9
Q,B,22,11,9
Q,B,46,36,9
Q,B,22,66,9
Q,B,57,53,9
Q,B,66,56,9
Q,B,40,20,9
Q,B,43,53,9
Q,B,66,61,9
Q,B,21,6,9
Q,B,33,66,9
Q,B,33,75,9
Q,B,36,13,9
Q,B,67,61,9
Q,B,16,30,9
Q,B,56,26,9
Q,B,7,4,9
Q,B,30,50,9
Q,B,6,35,9
Q,B,77,13,9
Q,B,72,74,9
Q,B,51,40,9
Q,B,60,37,9
Q,B,34,1,9
Q,B,53,4,9
Q,B,72,55,9
Q,B,60,4,9
Q,B,1,64,9
Q,B,55,32,9
Q,B,24,73,9
Q,B,20,57,9
Q,B,67,27,9
Q,B,16,6,9
Q,B,37,54,9
Q,B,63,53,9
Q,B,40,1,9
Q,B,43,65,9
Q,B,7,3,9
Q,B,41,47,9
Q,B,64,15,9
Q,B,70,7,9
Q,B,35,55,9
Q,B,1,76,9
Q,B,50,34,9
Q,B,42,26,9
Q,B,61,23,9
Q,B,25,24,9
Q,B,16,54,9
Q,B,33,44,9
Q,B,10,77,9
Q,B,12,73,9
Q,B,60,11,9
Q,B,2,77,9
Q,B,14,73,9
Q,B,33,76,9
Q,B,67,12,9
Q,B,11,46,9
Q,B,24,43,9
Q,B,41,42,9
Q,B,23,56,9
Q,B,33,65,9
Q,B,16,57,9
Q,B,16,44,9
Q,B,46,11,9
Q,B,40,51,9
Q,B,26,64,9
Q,B,74,21,9
Q,B,11,20,9
Q,B,5,2,9
Q,B,10,71,9
Q,B,65,43,9
Q,B,33,77,9
Q,B,4,0,9
Q,B,36,63,9
Q,B,60,36,9
Q,B,25,7,9
Q,B,62,34,9
Q,B,27,52,9
Q,B,34,23,9
Q,B,32,67,9
Q,B,20,72,9
Q,B,65,26,9
Q,B,53,26,9
Q,B,31,51,9
Q,B,43,33,9
Q,B,1,46,9
Q,B,60,20,9
Q,B,2,75,9
Q,B,35,66,9
Q,B,27,23,9
Q,B,53,74,9
Q,B,23,12,9
Q,B,42,60,9
Q,B,50,24,9
Q,B,33,73,9
Q,B,27,3,9
Q,B,3,30,9
Q,B,63,0,9
Q,B,1,45,9
Q,B,45,25,9
Q,B,31,54,9
Q,B,70,14,9
Q,B,27,61,9
Q,B,67,56,9
Q,B,74,43,9
Q,B,30,2,9
Q,B,65,30,9
Q,B,2,20,9
Q,B,37,73,9
Q,B,20,77,9
Q,B,37,75,9
Q,B,3,27,9
Q,B,54,0,9
Q,B,2,55,9
Q,B,36,72,9
Q,B,21,1,9
Q,B,21,74,9
Q,B,4,54,9
Q,B,21,20,9
Q,B,37,66,9
Q,B,71,55,9
Q,B,15,70,9
Q,B,44,25,9
Q,B,47,1,9
Q,B,50,71,9
Q,B,56,53,9
Q,B,51,76,9
Q,B,16,72,9
Q,B,36,31,9
Q,B,53,36,9
Q,B,42,17,9
Q,B,15,42,9
Q,B,54,65,9
Q,B,70,22,9
Q,B,31,61,9
Q,B,31,13,9
Q,B,2,53,9
Q,B,62,1,9
Q,B,63,27,9
Q,B,67,17,9
Q,B,13,64,9
Q,B,70,57,9
Q,B,12,10,9
Q,B,43,75,9
Q,B,57,33,9
Q,B,3,74,9
Q,B,12,71,9
Q,B,46,35,9
Q,B,36,76,9
Q,B,34,36,9
Q,B,13,32,9
Q,B,23,20,9
Q,B,43,52,9
Q,B,11,0,9
Q,B,24,50,9
Q,B,7,75,9
Q,B,12,41,9
Q,B,16,50,9
Q,B,71,10,9
Q,B,12,46,9
Q,B,63,13,9
Q,B,46,10,9
Q,B,53,0,9
Q,B,75,66,9
Q,B,25,14,9
Q,B,77,42,9
Q,B,66,3,9
Q,B,31,73,9
Q,B,71,16,9
Q,B,35,12,9
Q,B,45,10,9
Q,B,26,51,9
Q,B,40,71,9
Q,B,42,3,9
Q,B,61,52,9
Q,B,15,60,9
Q,B,15,74,9
Q,B,71,32,9
Q,B,41,52,9
Q,B,72,53,9
Q,B,74,55,9
Q,B,15,77,9
Q,B,75,22,9
Q,B,76,52,9
Q,B,61,17,9
Q,B,23,3,9
Q,B,44,75,9
Q,B,27,7,9
Q,B,73,41,9
Q,B,76,41,9
Q,B,27,4,9
Q,B,72,34,9
Q,B,76,31,9
Q,B,25,61,9
Q,B,32,1,9
Q,B,12,72,9
Q,B,4,15,9
Q,B,37,27,9
Q,B,65,41,9
Q,B,37,3,9
Q,B,2,56,9
Q,B,34,32,9
Q,B,27,63,9
Q,B,65,27,9
Q,B,65,6,9
Q,B,54,17,9
Q,B,27,47,9
Q,B,71,46,9
Q,B,76,1,9
Q,B,56,2,9
Q,B,65,62,9
Q,B,37,14,9
Q,B,52,73,9
Q,B,35,26,9
Q,B,5,55,9
Q,B,43,34,9
Q,B,17,57,9
Q,B,47,5,9
Q,B,70,61,9
Q,B,45,4,9
Q,B,56,4,9
Q,B,41,16,9
Q,B,34,2,9
Q,B,75,15,9
Q,B,36,62,9
Q,B,32,77,9
Q,B,26,27,9
Q,B,15,26,9
Q,B,2,64,9
Q,B,33,13,9
Q,B,61,66,9
Q,B,64,20,9
Q,B,43,73,9
Q,B,63,60,9
Q,B,37,31,9
Q,B,21,44,9
Q,B,14,57,9
Q,B,74,22,9
Q,B,72,50,9
Q,B,63,5,9
Q,B,31,66,9
Q,B,55,17,9
Q,B,26,6,9
Q,B,76,32,9
Q,B,32,66,9
Q,B,44,4,9
Q,B,41,40,9
Q,B,42,43,9
Q,B,23,24,9
Q,B,40,77,9
Q,B,70,56,9
Q,B,27,26,9
Q,B,22,63,9
Q,B,16,40,9
Q,B,46,65,9
Q,B,6,24,9
Q,B,7,74,9
Q,B,57,27,9
Q,B,13,40,9
Q,B,34,35,9
Q,B,51,77,9
Q,B,74,47,9
Q,B,11,44,9
Q,B,31,57,9
Q,B,76,45,9
Q,B,65,61,9
Q,B,5,34,9
Q,B,50,56,9
Q,B,2,71,9
Q,B,26,20,9
Q,B,46,75,9
Q,B,21,27,9
Q,B,13,55,9
Q,B,16,7,9
Q,B,77,72,9
Q,B,36,11,9
Q,B,70,13,9
Q,B,65,40,9
Q,B,56,31,9
Q,B,55,77,9
Q,B,1,31,9
Q,B,15,32,9
Q,B,1,72,9
Q,B,4,45,9
Q,B,1,67,9
Q,B,6,70,9
Q,B,11,17,9
Q,B,41,51,9
Q,B,3,36,9
Q,B,67,6,9
Q,B,73,56,9
Q,B,52,30,9
Q,B,35,14,9
Q,B,34,33,9
Q,B,75,65,9
Q,B,50,60,9
Q,B,17,34,9
Q,B,64,16,9
Q,B,5,1,9
Q,B,73,35,9
Q,B,66,10,9
Q,B,77,5,9
Q,B,5,66,9
Q,B,74,15,9
Q,B,64,74,9
Q,B,73,55,9
Q,B,61,32,9
Q,B,11,15,9
Q,B,31,56,9
Q,B,40,73,9
Q,B,25,47,9
Q,B,4,37,9
Q,B,60,31,9
Q,B,30,36,9
Q,B,55,52,9
Q,B,71,50,9
Q,B,14,51,9
Q,B,12,2,9
Q,B,50,72,9
Q,B,24,52,9
Q,B,60,13,9
Q,B,53,1,9
Q,B,37,52,9
Q,B,30,16,9
Q,B,3,24,9
Q,B,26,72,9
Q,B,2,41,9
Q,B,20,62,9
Q,B,0,22,9
Q,B,63,65,9
Q,B,12,60,9
Q,B,10,45,9
Q,B,40,45,9
Q,B,57,34,9
Q,B,21,2,9
Q,B,61,1,9
Q,B,72,10,9
Q,B,54,64,9
Q,B,26,61,9
Q,B,43,0,9
Q,B,52,22,9
Q,B,61,41,9
Q,B,54,75,9
Q,B,12,11,9
Q,B,76,70,9
Q,B,3,56,9
Q,B,25,41,9
Q,B,42,15,9
Q,B,55,25,9
Q,B,42,71,9
Q,B,47,20,9
Q,B,22,60,9
Q,B,14,12,9
Q,B,2,22,9
Q,B,56,22,9
Q,B,27,45,9
Q,B,34,4,9
Q,B,63,24,9
Q,B,73,42,9
Q,B,43,24,9
Q,B,5,37,9
Q,B,61,15,9
Q,B,43,5,9
Q,B,17,35,9
Q,B,42,33,9
Q,B,42,31,9
Q,B,65,1,9
Q,B,6,34,9
Q,B,56,70,9
Q,B,34,60,9
Q,B,1,25,9
Q,B,54,1,9
Q,B,3,0,9
Q,B,35,3,9
Q,B,44,73,9
Q,B,74,64,9
Q,B,11,74,9
Q,B,33,60,9
Q,B,46,6,9
Q,B,75,31,9
Q,B,1,32,9
Q,B,71,23,9
Q,B,54,34,9
Q,B,65,10,9
Q,B,60,50,9
Q,B,11,22,9
Q,B,5,30,9
Q,B,55,2,9
Q,B,44,6,9
Q,B,40,50,9
Q,B,52,51,9
Q,B,62,25,9
Q,B,47,63,9
Q,B,76,72,9
Q,B,75,26,9
Q,B,3,35,9
Q,B,50,75,9
Q,B,52,2,9
Q,B,5,51,9
Q,B,52,41,9
Q,B,45,72,9
Q,B,75,12,9
Q,B,62,51,9
Q,B,37,1,9
Q,B,40,41,9
Q,B,3,63,9
Q,B,14,64,9
Q,B,71,70,9
Q,B,36,17,9
Q,B,65,7,9
Q,B,20,25,9
Q,B,30,3,9
Q,B,45,5,9
Q,B,13,31,9
Q,B,40,24,9
Q,B,37,53,9
Q,B,77,17,9
Q,B,47,0,9
Q,B,65,32,9
Q,B,41,70,9
Q,B,76,67,9
Q,B,60,27,9
Q,B,6,31,9
Q,B,26,36,9
Q,B,77,45,9
Q,B,4,22,9
Q,B,44,27,9
Q,B,10,34,9
Q,B,34,0,9
Q,B,76,42,9
Q,B,43,7,9
Q,B,20,61,9
Q,B,24,75,9
Q,B,15,30,9
Q,B,52,75,9
Q,B,66,62,9
Q,B,71,57,9
Q,B,23,45,9
Q,B,76,2,9
Q,B,43,44,9
Q,B,44,1,9
Q,B,31,75,9
Q,B,7,65,9
Q,B,17,54,9
Q,B,54,57,9
Q,B,44,15,9
Q,B,72,7,9
Q,B,35,74,9
Q,B,25,2,9
Q,B,75,17,9
Q,B,2,7,9
Q,B,1,23,9
Q,B,71,47,9
Q,B,3,1,9
Q,B,33,11,9
Q,B,51,23,9
Q,B,75,11,9
Q,B,5,47,9
Q,B,0,63,9
Q,B,20,71,9
Q,B,65,3,9
Q,B,73,1,9
Q,B,33,63,9
Q,B,66,76,9
Q,B,30,32,9
Q,B,73,51,9
Q,B,1,74,9
Q,B,63,67,9
Q,B,24,53,9
Q,B,10,62,9
Q,B,74,24,9
Q,B,5,46,9
Q,B,56,20,9
Q,B,42,6,9
Q,B,45,36,9
Q,B,67,14,9
Q,B,43,63,9
Q,B,1,34,9
Q,B,66,6,9
Q,B,14,53,9
Q,B,15,16,9
Q,B,10,14,9
Q,B,36,16,9
Q,B,72,57,9
Q,B,44,70,9
Q,B,45,21,9
Q,B,3,31,9
Q,B,67,2,9
Q,B,62,36,9
Q,B,13,46,9
Q,B,4,3,9
Q,B,73,53,9
Q,B,70,74,9
Q,B,15,71,9
Q,B,1,42,9
Q,B,50,51,9
Q,B,6,66,9
Q,B,63,7,9
Q,B,50,7,9
Q,B,75,71,9
Q,B,32,57,9
Q,B,44,34,9
Q,B,74,65,9
Q,B,33,15,9
Q,B,21,64,9
Q,B,0,47,9
Q,B,53,24,9
Q,B,33,16,9
Q,B,5,56,9
Q,B,46,7,9
Q,B,76,34,9
Q,B,57,37,9
Q,B,55,4,9
Q,B,5,61,9
Q,B,0,23,9
Q,B,50,30,9
Q,B,15,33,9
Q,B,10,54,9
Q,B,7,60,9
Q,B,14,67,9
Q,B,73,37,9
Q,B,3,33,9
Q,B,31,1,9
Q,B,63,4,9
Q,B,30,70,9
Q,B,26,56,9
Q,B,10,60,9
Q,B,77,54,9
Q,B,51,41,9
Q,B,30,67,9
Q,B,36,61,9
Q,B,43,32,9
Q,B,65,75,9
Q,B,47,74,9
Q,B,24,44,9
Q,B,65,66,9
Q,B,75,23,9
Q,B,60,51,9
Q,B,73,45,9
Q,B,5,67,9
Q,B,61,70,9
Q,B,2,30,9
Q,B,74,51,9
Q,B,6,54,9
Q,B,76,21,9
Q,B,57,25,9
Q,B,75,13,9
Q,B,67,11,9
Q,B,73,43,9
Q,B,13,34,9
Q,B,64,5,9
Q,B,7,37,9
Q,B,60,62,9
Q,B,7,71,9
Q,B,26,46,9
Q,B,52,42,9
Q,B,21,24,9
Q,B,22,24,9
Q,B,3,44,9
Q,B,63,16,9
Q,B,33,17,9
Q,B,33,57,9
Q,B,21,65,9
Q,B,45,56,9
Q,B,41,43,9
Q,B,13,65,9
Q,B,27,60,9
Q,B,63,54,9
Q,B,45,46,9
Q,B,52,76,9
Q,B,71,72,9
Q,B,62,4,9
Q,B,34,57,9
Q,B,65,4,9
Q,B,65,25,9
Q,B,67,3,9
Q,B,11,34,9
Q,B,61,5,9
Q,B,42,27,9
Q,B,12,21,9
Q,B,62,11,9
Q,B,6,53,9
Q,B,37,11,9
Q,B,65,60,9
Q,B,46,66,9
Q,B,23,47,9
Q,B,55,21,9
Q,B,14,23,9
Q,B,3,32,9
Q,B,13,10,9
Q,B,54,30,9
Q,B,53,31,9
Q,B,3,12,9
Q,B,4,33,9
Q,B,44,55,9
Q,B,66,4,9
Q,B,64,25,9
Q,B,74,30,9
Q,B,72,37,9
Q,B,30,40,9
Q,B,16,74,9
Q,B,57,15,9
Q,B,40,72,9
Q,B,27,73,9
Q,B,4,64,9
Q,B,70,47,9
Q,B,72,76,9
Q,B,65,55,9
Q,B,70,42,9
Q,B,5,25,9
Q,B,12,61,9
Q,B,21,76,9
Q,B,41,32,9
Q,B,57,55,9
Q,B,45,0,9
Q,B,45,26,9
Q,B,50,10,9
Q,B,31,33,9
Q,B,43,23,9
Q,B,55,24,9
Q,B,70,3,9
Q,B,47,37,9
Q,B,32,17,9
Q,B,50,61,9
Q,B,4,70,9
Q,B,56,50,9
Q,B,30,31,9
Q,B,63,33,9
Q,B,5,14,9
Q,B,62,46,9
Q,B,24,1,9
Q,B,71,3,9
Q,B,21,66,9
Q,B,34,12,9
Q,B,60,16,9
Q,B,31,55,9
Q,B,3,77,9
Q,B,15,6,9
Q,B,22,32,9
Q,B,32,75,9
Q,B,34,6,9
Q,B,51,56,9
Q,B,46,63,9
Q,B,40,76,9
Q,B,64,6,9
Q,B,34,11,9
Q,B,26,42,9
Q,B,46,1,9
Q,B,2,51,9
Q,B,46,43,9
Q,B,51,53,9
Q,B,52,61,9
Q,B,57,6,9
Q,B,63,34,9
Q,B,27,70,9
Q,B,37,12,9
Q,B,72,36,9
Q,B,36,15,9
Q,B,45,42,9
Q,B,52,5,9
Q,B,56,6,9
Q,B,34,67,9
Q,B,72,54,9
Q,B,52,34,9
Q,B,51,3,9
Q,B,10,35,9
Q,B,52,37,9
Q,B,20,31,9
Q,B,72,25,9
Q,B,12,32,9
Q,B,36,50,9
Q,B,64,11,9
Q,B,72,4,9
Q,B,46,55,9
Q,B,75,5,9
Q,B,74,23,9
Q,B,10,53,9
Q,B,15,67,9
Q,B,63,44,9
Q,B,45,14,9
Q,B,70,46,9
Q,B,21,51,9
Q,B,52,3,9
Q,B,44,26,9
Q,B,32,65,9
Q,B,1,53,9
Q,B,46,3,9
Q,B,43,10,9
Q,B,24,62,9
Q,B,27,2,9
Q,B,77,73,9
Q,B,3,46,9
Q,B,65,20,9
Q,B,76,12,9
Q,B,50,77,9
Q,B,27,51,9
Q,B,21,3,9
Q,B,66,30,9
Q,B,5,6,9
Q,B,12,62,9
Q,B,77,44,9
Q,B,12,63,9
Q,B,33,22,9
Q,B,54,33,9
Q,B,57,3,9
Q,B,45,15,9
Q,B,57,12,9
Q,B,77,53,9
Q,B,60,45,9
Q,B,22,51,9
Q,B,64,47,9
Q,B,11,57,9
Q,B,54,73,9
Q,B,12,66,9
Q,B,15,35,9
Q,B,15,17,9
Q,B,6,73,9
Q,B,3,70,9
Q,B,77,7,9
Q,B,5,27,9
Q,B,75,44,9
Q,B,63,1,9
Q,B,56,76,9
Q,B,14,33,9
Q,B,1,75,9
Q,B,35,73,9
Q,B,7,33,9
Q,B,42,41,9
Q,B,61,4,9
Q,B,74,46,9
Q,B,35,13,9
Q,B,45,70,9
Q,B,46,76,9
Q,B,27,76,9
Q,B,11,21,9
Q,B,72,52,9
Q,B,54,16,9
Q,B,22,0,9
Q,B,52,56,9
Q,B,37,71,9
Q,B,12,15,9
Q,B,25,6,9
Q,B,56,51,9
Q,B,23,64,9
Q,B,73,3,9
Q,B,4,52,9
Q,B,51,22,9
Q,B,20,41,9
Q,B,21,23,9
Q,B,24,74,9
Q,B,54,45,9
Q,B,7,61,9
Q,B,0,52,9
Q,B,64,31,9
Q,B,30,37,9
Q,B,51,57,9
Q,B,64,32,9
Q,B,66,60,9
Q,B,33,34,9
Q,B,3,51,9
Q,B,71,43,9
Q,B,74,7,9
Q,B,71,77,9
Q,B,74,71,9
Q,B,45,55,9
Q,B,0,7,9
Q,B,13,77,9
Q,B,4,6,9
Q,B,5,23,9
Q,B,12,50,9
Q,B,25,75,9
Q,B,6,75,9
Q,B,56,25,9
Q,B,57,74,9
Q,B,70,76,9
Q,B,61,27,9
Q,B,23,34,9
Q,B,65,24,9
Q,B,10,47,9
Q,B,70,6,9
Q,B,75,52,9
Q,B,25,65,9
Q,B,40,23,9
Q,B,63,35,9
Q,B,50,21,9
Q,B,31,6,9
Q,B,35,2,9
Q,B,22,47,9
Q,B,10,64,9
Q,B,54,56,9
Q,B,10,20,9
Q,B,14,41,9
Q,B,30,65,9
Q,B,67,21,9
Q,B,7,30,9
Q,B,35,45,9
Q,B,1,70,9
Q,B,57,71,9
Q,B,25,57,9
Q,B,44,62,9
Q,B,2,54,9
Q,B,0,43,9
Q,B,11,60,9
Q,B,35,6,9
Q,B,2,31,9
Q,B,34,44,9
Q,B,12,23,9
Q,B,2,21,9
Q,B,73,25,9
Q,B,36,46,9
Q,B,10,37,9
Q,B,40,5,9
Q,B,53,5,9
Q,B,22,76,9
Q,B,37,77,9
Q,B,55,22,9
Q,B,25,15,9
Q,B,0,42,9
Q,B,13,54,9
Q,B,17,13,9
Q,B,47,75,9
Q,B,17,60,9
Q,B,35,53,9
Q,B,27,42,9
Q,B,35,61,9
Q,B,64,34,9
Q,B,71,6,9
Q,B,3,4,9
Q,B,66,25,9
Q,B,52,25,9
Q,B,62,42,9
Q,B,67,63,9
Q,B,20,5,9
Q,B,7,73,9
Q,B,70,72,9
Q,B,27,75,9
Q,B,73,64,9
Q,B,51,26,9
Q,B,25,4,9
Q,B,5,71,9
Q,B,42,11,9
Q,B,70,11,9
Q,B,16,12,9
Q,B,3,50,9
Q,B,60,5,9
Q,B,65,33,9
Q,B,75,0,9
Q,B,37,26,9
Q,B,66,22,9
Q,B,54,22,9
Q,B,70,33,9
Q,B,20,42,9
Q,B,55,66,9
Q,B,6,51,9
Q,B,12,16,9
Q,B,22,52,9
Q,B,73,5,9
Q,B,63,15,9
Q,B,53,51,9
Q,B,7,45,9
Q,B,25,73,9
Q,B,76,7,9
Q,B,20,60,9
Q,B,7,64,9
Q,B,26,2,9
Q,B,15,25,9
Q,B,30,13,9
Q,B,33,70,9
Q,B,4,41,9
Q,B,77,33,9
Q,B,6,42,9
Q,B,3,42,9
Q,B,10,41,9
Q,B,36,30,9
Q,B,75,30,9
Q,B,46,15,9
Q,B,31,74,9
Q,B,55,16,9
Q,B,45,73,9
Q,B,2,73,9
Q,B,17,64,9
Q,B,61,7,9
Q,B,73,24,9
Q,B,14,43,9
Q,B,34,64,9
Q,B,26,24,9
Q,B,37,47,9
Q,B,52,57,9
Q,B,14,30,9
Q,B,32,22,9
Q,B,13,66,9
Q,B,20,7,9
Q,B,2,33,9
Q,B,1,66,9
Q,B,71,61,9
Q,B,77,52,9
Q,B,65,42,9
Q,B,25,67,9
Q,B,55,53,9
Q,B,13,33,9
Q,B,0,41,9
Q,B,24,40,9
Q,B,70,36,9
Q,B,36,14,9
Q,B,53,20,9
Q,B,42,51,9
Q,B,26,17,9
Q,B,20,43,9
Q,B,75,14,9
Q,B,15,40,9
Q,B,52,31,9
Q,B,6,45,9
Q,B,52,6,9
Q,B,64,37,9
Q,B,53,27,9
Q,B,4,43,9
Q,B,72,56,9
Q,B,30,55,9
Q,B,43,21,9
Q,B,22,5,9
Q,B,40,14,9
Q,B,57,72,9
Q,B,5,50,9
Q,B,62,72,9
Q,B,4,35,9
Q,B,42,64,9
Q,B,51,35,9
Q,B,17,51,9
Q,B,66,23,9
Q,B,67,41,9
Q,B,42,72,9
Q,B,1,30,9
Q,B,24,63,9
Q,B,53,2,9
Q,B,31,35,9
Q,B,77,6,9
Q,B,1,54,9
Q,B,75,72,9
Q,B,11,45,9
Q,B,16,53,9
Q,B,62,24,9
Q,B,47,44,9
Q,B,44,13,9
Q,B,55,34,9
Q,B,56,21,9
Q,B,50,12,9
Q,B,77,36,9
Q,B,52,17,9
Q,B,55,51,9
Q,B,26,40,9
Q,B,56,3,9
Q,B,24,65,9
Q,B,21,52,9
Q,B,62,30,9
Q,B,24,71,9
Q,B,54,3,9
Q,B,21,77,9
Q,B,34,76,9
Q,B,72,2,9
Q,B,52,33,9
Q,B,67,31,9
Q,B,56,13,9
Q,B,26,41,9
Q,B,25,54,9
Q,B,36,25,9
Q,B,70,2,9
Q,B,10,55,9
Q,B,1,41,9
Q,B,7,57,9
Q,B,56,15,9
Q,B,46,74,9
Q,B,75,57,9
Q,B,2,11,9
Q,B,35,65,9
Q,B,70,50,9
Q,B,33,67,9
Q,B,30,73,9
Q,B,12,3,9
Q,B,51,42,9
Q,B,23,6,9
Q,B,3,67,9
Q,B,30,77,9
Q,B,52,21,9
Q,B,7,36,9
Q,B,0,67,9
Q,B,26,74,9
Q,B,3,53,9
Q,B,66,75,9
Q,B,16,51,9
Q,B,25,63,9
Q,B,23,41,9
Q,B,70,16,9
Q,B,5,54,9
Q,B,4,25,9
Q,B,15,11,9
Q,B,35,32,9
Q,B,5,43,9
Q,B,5,31,9
Q,B,24,66,9
Q,B,6,0,9
Q,B,6,71,9
Q,B,66,15,9
Q,B,47,46,9
Q,B,61,22,9
Q,B,31,7,9
Q,B,44,77,9
Q,B,45,35,9
Q,B,0,64,9
Q,B,70,41,9
Q,B,62,6,9
Q,B,2,45,9
Q,B,10,50,9
Q,B,71,54,9
Q,B,40,2,9
Q,B,30,52,9
Q,B,31,4,9
Q,B,1,2,9
Q,B,77,11,9
Q,B,2,52,9
Q,B,53,16,9
Q,B,22,31,9
Q,B,60,22,9
Q,B,7,23,9
Q,B,14,77,9
Q,B,55,50,9
Q,B,26,0,9
Q,B,52,26,9
Q,B,62,31,9
Q,B,56,72,9
Q,B,54,32,9
Q,B,75,20,9
Q,B,0,2,9
Q,B,23,51,9
Q,B,23,61,9
Q,B,73,32,9
Q,B,0,32,9
Q,B,12,53,9
Q,B,61,42,9
Q,B,64,4,9
Q,B,54,43,9
Q,B,34,56,9
Q,B,0,51,9
Q,B,65,35,9
Q,B,52,70,9
Q,B,51,70,9
Q,B,15,57,9
Q,B,14,10,9
Q,B,6,65,9
Q,B,34,52,9
Q,B,35,16,9
Q,B,2,62,9
Q,B,17,66,9
Q,B,62,23,9
Q,B,34,65,9
Q,B,41,24,9
Q,B,64,33,9
Q,B,55,27,9
Q,B,4,1,9
Q,B,66,17,9
Q,B,36,52,9
Q,B,71,40,9
Q,B,66,13,9
Q,B,0,33,9
Q,B,30,64,9
Q,B,1,11,9
Q,B,57,75,9
Q,B,54,20,9
Q,B,51,16,9
Q,B,41,14,9
Q,B,13,57,9
Q,B,11,2,9
Q,B,64,23,9
Q,B,57,50,9
Q,B,32,62,9
Q,B,35,71,9
Q,B,70,35,9
Q,B,77,35,9
Q,B,2,12,9
Q,B,75,27,9
Q,B,15,76,9
Q,B,67,0,9
Q,B,16,76,9
Q,B,41,66,9
Q,B,45,77,9
Q,B,42,52,9
Q,B,61,33,9
Q,B,42,22,9
Q,B,64,2,9
Q,B,15,56,9
Q,B,53,64,9
Q,B,22,41,9
Q,B,43,14,9
Q,B,64,65,9
Q,B,37,74,9
Q,B,36,10,9
Q,B,47,25,9
Q,B,53,15,9
Q,B,7,27,9
Q,B,7,53,9
Q,B,16,71,9
Q,B,16,45,9
Q,B,52,20,9
Q,B,70,60,9
Q,B,77,16,9
Q,B,72,51,9
Q,B,70,73,9
Q,B,46,4,9
Q,B,3,64,9
Q,B,74,6,9
Q,B,30,66,9
Q,B,3,7,9
Q,B,72,31,9
Q,B,22,26,9
Q,B,6,40,9
Q,B,1,20,9
Q,B,62,44,9
Q,B,73,70,9
Q,B,4,23,9
Q,B,22,3,9
Q,B,70,27,9
Q,B,17,71,9
Q,B,76,25,9
Q,B,3,2,9
Q,B,26,54,9
Q,B,6,72,9
Q,B,24,15,9
Q,B,11,47,9
Q,B,45,23,9
Q,B,66,20,9
Q,B,3,61,9
Q,B,57,16,9
Q,B,17,7,9
Q,B,4,51,9
Q,B,57,14,9
Q,B,46,2,9
Q,B,31,71,9
Q,B,22,70,9
Q,B,71,51,9
Q,B,47,43,9
Q,B,44,33,9
Q,B,76,36,9
Q,B,44,76,9
Q,B,3,55,9
Q,B,75,51,9
Q,B,33,1,9
Q,B,74,32,9
Q,B,71,41,9
Q,B,11,63,9
Q,B,46,72,9
Q,B,13,45,9
Q,B,70,51,9
Q,B,15,65,9
Q,B,10,40,9
Q,B,32,72,9
Q,B,11,73,9
Q,B,47,62,9
Q,B,43,12,9
Q,B,17,43,9
Q,B,76,73,9
Q,B,73,23,9
Q,B,50,53,9
Q,B,44,10,9
Q,B,7,43,9
Q,B,22,72,9
Q,B,36,71,9
Q,B,71,17,9
Q,B,16,73,9
Q,B,32,30,9
Q,B,22,27,9
Q,B,27,54,9
Q,B,33,50,9
Q,B,21,73,9
Q,B,4,32,9
Q,B,12,17,9
Q,B,71,62,9
Q,B,22,61,9
Q,B,11,31,9
Q,B,34,5,9
Q,B,30,0,9
Q,B,26,57,9
Q,B,35,76,9
Q,B,22,21,9
Q,B,54,51,9
Q,B,17,77,9
Q,B,5,7,9
Q,B,6,25,9
Q,B,35,31,9
Q,B,5,57,9
Q,B,27,24,9
Q,B,56,12,9
Q,B,56,17,9
Q,B,32,10,9
Q,B,73,40,9
Q,B,46,67,9
Q,B,14,72,9
Q,B,44,5,9
Q,B,60,35,9
Q,B,25,0,9
Q,B,25,3,9
Q,B,17,56,9
Q,B,2,44,9
Q,B,60,32,9
Q,B,13,12,9
Q,B,3,41,9
Q,B,76,10,9
Q,B,63,66,9
Q,B,77,22,9
Q,B,30,41,9
Q,B,52,0,9
Q,B,10,42,9
Q,B,70,45,9
Q,B,40,66,9
Q,B,25,77,9
Q,B,30,71,9
Q,B,21,41,9
Q,B,2,24,9
Q,B,36,7,9
Q,B,7,41,9
Q,B,17,15,9
Q,B,67,66,9
Q,B,5,63,9
Q,B,44,41,9
Q,B,20,2,9
Q,B,24,2,9
Q,B,1,35,9
Q,B,77,30,9
Q,B,2,50,9
Q,B,37,2,9
Q,B,1,44,9
Q,B,50,76,9
Q,B,15,50,9
Q,B,35,70,9
Q,B,70,52,9
Q,B,61,64,9
Q,B,60,61,9
Q,B,41,12,9
Q,B,77,24,9
Q,B,51,11,9
Q,B,44,60,9
Q,B,55,12,9
Q,B,35,33,9
Q,B,13,37,9
Q,B,20,21,9
Q,B,66,16,9
Q,B,71,0,9
Q,B,15,53,9
Q,B,41,6,9
Q,B,7,22,9
Q,B,1,57,9
Q,B,50,2,9
Q,B,44,66,9
Q,B,60,64,9
Q,B,26,53,9
Q,B,47,6,9
Q,B,76,56,9
Q,B,23,74,9
Q,B,35,52,9
Q,B,55,1,9
Q,B,51,37,9
Q,B,5,62,9
Q,B,73,11,9
Q,B,15,37,9
Q,B,73,10,9
Q,B,30,7,9
Q,B,13,44,9
Q,B,47,15,9
Q,B,36,27,9
Q,B,15,12,9
Q,B,55,7,9
Q,B,3,23,9
Q,B,72,61,9
Q,B,76,26,9
Q,B,47,2,9
Q,B,73,7,9
Q,B,41,0,9
Q,B,63,72,9
Q,B,2,60,9
Q,B,0,3,9
Q,B,46,14,9
Q,B,53,52,9
Q,B,3,21,9
Q,B,22,7,9
Q,B,54,76,9
Q,B,13,67,9
Q,B,6,23,9
Q,B,35,62,9
Q,B,20,3,9
Q,B,56,30,9
Q,B,10,30,9
Q,B,66,24,9
Q,B,13,75,9
Q,B,17,14,9
Q,B,0,6,9
Q,B,4,24,9
Q,B,66,0,9
Q,B,61,13,9
Q,B,42,40,9
Q,B,0,34,9
Q,B,65,12,9
Q,B,5,36,9
Q,B,32,7,9
Q,B,27,22,9
Q,B,56,65,9
Q,B,54,6,9
Q,B,67,34,9
Q,B,41,7,9
Q,B,57,70,9
Q,B,30,51,9
Q,B,6,33,9
Q,B,33,61,9
Q,B,32,13,9
Q,B,5,74,9
Q,B,41,5,9
Q,B,37,30,9
Q,B,31,60,9
Q,B,0,24,9
Q,B,6,61,9
Q,B,47,72,9
Q,B,17,63,9
Q,B,12,33,9
Q,B,72,30,9
Q,B,63,11,9
Q,B,32,50,9
Q,B,76,27,9
Q,B,65,56,9
Q,B,46,12,9
Q,B,5,35,9
Q,B,20,75,9
Q,B,4,36,9
Q,B,71,20,9
Q,B,16,31,9
Q,B,42,5,9
Q,B,43,67,9
Q,B,74,37,9
Q,B,1,77,9
Q,B,67,64,9
Q,B,21,45,9
Q,B,77,75,9
Q,B,64,14,9
Q,B,53,12,9
Q,B,63,61,9
Q,B,64,42,9
Q,B,77,76,9
Q,B,47,23,9
Q,B,40,46,9
Q,B,21,11,9
Q,B,14,74,9
Q,B,14,35,9
Q,B,12,77,9
Q,B,21,0,9
Q,B,6,62,9
Q,B,22,54,9
Q,B,6,56,9
Q,B,33,64,9
Q,B,36,2,9
Q,B,46,40,9
Q,B,77,14,9
Q,B,61,11,9
Q,B,60,7,9
Q,B,3,13,9
Q,B,15,66,9
Q,B,33,2,9
Q,B,20,46,9
Q,B,51,36,9
Q,B,51,54,9
Q,B,5,70,9
Q,B,26,67,9
Q,B,43,16,9
Q,B,24,4,9
Q,B,56,0,9
Q,B,27,64,9
Q,B,4,73,9
Q,B,23,42,9
Q,B,47,41,9
Q,B,64,27,9
Q,B,71,22,9
Q,B,66,11,9
Q,B,77,1,9
Q,B,4,13,9
Q,B,22,53,9
Q,B,33,37,9
Q,B,45,74,9
Q,B,20,44,9
Q,B,13,15,9
Q,B,13,11,9
Q,B,41,64,9
Q,B,11,70,9
Q,B,51,62,9
Q,B,36,34,9
Q,B,34,51,9
Q,B,7,44,9
Q,B,1,5,9
Q,B,21,40,9
Q,B,0,74,9
Q,B,54,10,9
Q,B,1,36,9
Q,B,34,54,9
Q,B,4,31,9
Q,B,24,47,9
Q,B,15,62,9
Q,B,57,67,9
Q,B,71,74,9
Q,B,12,52,9
Q,B,33,14,9
Q,B,15,72,9
Q,B,22,33,9
Q,B,1,56,9
Q,B,33,52,9
Q,B,40,43,9
Q,B,14,55,9
Q,B,17,70,9
Q,B,56,74,9
Q,B,75,54,9
Q,B,76,20,9
Q,B,23,4,9
Q,B,31,12,9
Q,B,31,20,9
Q,B,71,56,9
Q,B,4,72,9
Q,B,67,20,9
Q,B,35,0,9
Q,B,73,76,9
Q,B,61,20,9
Q,B,56,75,9
Q,B,54,4,9
Q,B,67,24,9
Q,B,1,61,9
Q,B,13,23,9
Q,B,36,73,9
Q,B,63,64,9
Q,B,35,36,9
Q,B,43,42,9
Q,B,31,52,9
Q,B,75,36,9
Q,B,20,30,9
Q,B,0,40,9
Q,B,3,40,9
Q,B,40,13,9
Q,B,35,4,9
Q,B,26,66,9
Q,B,64,1,9
Q,B,41,67,9
Q,B,13,60,9
Q,B,7,66,9
Q,B,24,60,9
Q,B,63,42,9
Q,B,70,21,9
Q,B,67,43,9
Q,B,15,43,9
Q,B,37,64,9
Q,B,6,2,9
Q,B,14,36,9
Q,B,26,73,9
Q,B,57,11,9
Q,B,70,44,9
Q,B,73,54,9
Q,B,44,35,9
Q,B,4,50,9
Q,B,57,36,9
Q,B,73,52,9
Q,B,72,27,9
Q,B,33,7,9
Q,B,13,47,9
Q,B,62,35,9
Q,B,42,7,9
Q,B,22,55,9
Q,B,4,60,9
Q,B,76,15,9
Q,B,74,11,9
Q,B,77,47,9
Q,B,50,57,9
Q,B,11,76,9
Q,B,45,1,9
Q,B,42,2,9
Q,B,15,24,9
Q,B,6,60,9
Q,B,5,65,9
Q,B,43,2,9
Q,B,14,3,9
Q,B,60,47,9
Q,B,46,37,9
Q,B,72,0,9
Q,B,26,35,9
Q,B,11,56,9
Q,B,14,65,9
Q,B,22,71,9
Q,B,63,25,9
Q,B,10,1,9
Q,B,61,24,9
Q,B,24,42,9
Q,B,5,24,9
Q,B,11,67,9
Q,B,51,33,9
Q,B,76,40,9
Q,B,25,60,9
Q,B,7,17,9
Q,B,14,24,9
Q,B,11,13,9
Q,B,64,40,9
Q,B,20,64,9
Q,B,50,25,9
Q,B,77,4,9
Q,B,31,67,9
Q,B,72,11,9
Q,B,33,74,9
Q,B,25,52,9
Q,B,6,27,9
Q,B,70,40,9
Q,B,56,1,9
Q,B,43,22,9
Q,B,62,43,9
Q,B,74,3,9
Q,B,43,70,9
Q,B,72,17,9
Q,B,66,65,9
Q,B,60,2,9
Q,B,71,36,9
Q,B,27,41,9
Q,B,63,37,9
