Q,N,54,44,9
Q,N,46,25,9
Q,N,17,72,9
Q,N,64,62,9
Q,N,40,6,9
Q,N,40,3,9
Q,N,24,77,9
Q,N,44,11,9
Q,N,12,65,9
Q,N,37,34,9
Q,N,66,77,9
Q,N,77,74,9
Q,N,64,67,9
Q,N,12,64,9
Q,N,47,66,9
Q,N,36,32,9
Q,N,21,5,9
Q,N,15,13,9
Q,N,76,4,9
Q,N,51,4,9
Q,N,70,15,9
Q,N,44,46,9
Q,N,60,17,9
Q,N,3,54,9
Q,N,14,50,9
Q,N,50,5,9
Q,N,41,20,9
Q,N,12,42,9
Q,N,35,56,9
Q,N,53,10,9
Q,N,7,76,9
Q,N,60,65,9
Q,N,42,75,9
Q,N,11,14,9
Q,N,2,76,9
Q,N,45,43,9
Q,N,67,76,9
Q,N,72,23,9
Q,N,77,51,9
Q,N,37,65,9
Q,N,40,11,9
Q,N,14,56,9
Q,N,44,40,9
Q,N,1,7,9
Q,N,55,6,9
Q,N,53,63,9
Q,N,51,61,9
Q,N,25,66,9
Q,N,52,55,9
Q,N,57,76,9
Q,N,1,27,9
Q,N,43,25,9
Q,N,10,75,9
Q,N,66,40,9
Q,N,52,50,9
Q,N,54,24,9
Q,N,77,46,9
Q,N,23,44,9
Q,N,25,35,9
Q,N,60,15,9
Q,N,53,42,9
Q,N,40,10,9
Q,N,31,21,9
Q,N,0,5,9
Q,N,2,72,9
Q,N,75,40,9
Q,N,34,7,9
Q,N,55,74,9
Q,N,46,21,9
Q,N,45,16,9
Q,N,41,75,9
Q,N,50,20,9
Q,N,77,66,9
Q,N,26,55,9
Q,N,3,6,9
Q,N,16,63,9
Q,N,2,61,9
Q,N,12,54,9
Q,N,0,61,9
Q,N,50,33,9
Q,N,25,22,9
Q,N,76,46,9
Q,N,51,20,9
Q,N,4,75,9
Q,N,66,67,9
Q,N,45,3,9
Q,N,62,17,9
Q,N,17,31,9
Q,N,35,67,9
Q,N,67,30,9
Q,N,72,75,9
Q,N,53,11,9
Q,N,77,40,9
Q,N,26,3,9
Q,N,7,46,9
Q,N,23,43,9
Q,N,10,21,9
Q,N,55,72,9
Q,N,53,55,9
Q,N,32,64,9
Q,N,66,63,9
Q,N,71,14,9
Q,N,5,77,9
Q,N,62,21,9
Q,N,25,1,9
Q,N,34,72,9
Q,N,6,37,9
Q,N,47,64,9
Q,N,47,11,9
Q,N,45,63,9
Q,N,45,47,9
Q,N,37,7,9
Q,N,16,17,9
Q,N,55,64,9
Q,N,33,36,9
Q,N,77,32,9
Q,N,45,64,9
Q,N,60,24,9
Q,N,27,62,9
Q,N,74,36,9
Q,N,46,41,9
Q,N,2,65,9
Q,N,20,0,9
Q,N,76,22,9
Q,N,20,24,9
Q,N,41,21,9
Q,N,2,46,9
Q,N,70,25,9
Q,N,66,35,9
Q,N,73,72,9
Q,N,7,5,9
Q,N,56,10,9
Q,N,41,10,9
Q,N,23,46,9
Q,N,41,3,9
Q,N,4,42,9
Q,N,37,33,9
Q,N,1,55,9
Q,N,21,54,9
Q,N,75,42,9
Q,N,7,72,9
Q,N,13,36,9
Q,N,22,56,9
Q,N,62,22,9
Q,N,52,1,9
Q,N,37,60,9
Q,N,40,60,9
Q,N,20,10,9
Q,N,67,46,9
Q,N,62,12,9
Q,N,52,71,9
Q,N,27,71,9
Q,N,67,36,9
Q,N,61,0,9
Q,N,53,33,9
Q,N,46,60,9
Q,N,22,67,9
Q,N,45,34,9
Q,N,64,73,9
Q,N,11,32,9
Q,N,7,31,9
Q,N,45,60,9
Q,N,7,51,9
Q,N,54,13,9
Q,N,75,41,9
Q,N,6,5,9
Q,N,21,42,9
Q,N,20,22,9
Q,N,45,11,9
Q,N,46,57,9
Q,N,4,44,9
Q,N,0,25,9
Q,N,11,36,9
Q,N,52,12,9
Q,N,62,52,9
Q,N,24,14,9
Q,N,15,63,9
Q,N,50,37,9
Q,N,74,31,9
Q,N,54,15,9
Q,N,27,57,9
Q,N,20,27,9
Q,N,20,54,9
Q,N,46,20,9
Q,N,76,3,9
Q,N,36,56,9
Q,N,62,13,9
Q,N,51,6,9
Q,N,72,15,9
Q,N,75,2,9
Q,N,33,55,9
Q,N,14,62,9
Q,N,66,27,9
Q,N,24,45,9
Q,N,76,6,9
Q,N,34,14,9
Q,N,2,43,9
Q,N,37,51,9
Q,N,12,45,9
Q,N,15,46,9
Q,N,71,33,9
Q,N,13,62,9
Q,N,7,56,9
Q,N,54,21,9
Q,N,6,55,9
Q,N,4,14,9
Q,N,51,32,9
Q,N,14,45,9
Q,N,31,65,9
Q,N,40,67,9
Q,N,73,27,9
Q,N,35,7,9
Q,N,2,42,9
Q,N,61,63,9
Q,N,56,66,9
Q,N,14,40,9
Q,N,57,51,9
Q,N,71,34,9
Q,N,42,70,9
Q,N,53,34,9
Q,N,46,71,9
Q,N,46,62,9
Q,N,65,45,9
Q,N,76,53,9
Q,N,77,12,9
Q,N,5,76,9
Q,N,2,47,9
Q,N,31,50,9
Q,N,53,57,9
Q,N,61,50,9
Q,N,35,51,9
Q,N,15,55,9
Q,N,1,24,9
Q,N,70,32,9
Q,N,43,77,9
Q,N,20,53,9
Q,N,63,36,9
Q,N,41,72,9
Q,N,36,53,9
Q,N,17,45,9
Q,N,15,34,9
Q,N,44,67,9
Q,N,43,15,9
Q,N,17,16,9
Q,N,34,63,9
Q,N,26,16,9
Q,N,7,21,9
Q,N,0,35,9
Q,N,40,47,9
Q,N,65,67,9
Q,N,2,4,9
Q,N,22,62,9
Q,N,3,47,9
Q,N,76,24,9
Q,N,4,53,9
Q,N,4,47,9
Q,N,27,36,9
Q,N,50,11,9
Q,N,57,5,9
Q,N,72,32,9
Q,N,13,3,9
Q,N,12,40,9
Q,N,5,45,9
Q,N,60,0,9
Q,N,40,15,9
Q,N,60,43,9
Q,N,35,1,9
Q,N,5,22,9
Q,N,43,4,9
Q,N,57,20,9
Q,N,15,5,9
Q,N,74,33,9
Q,N,23,72,9
Q,N,13,50,9
Q,N,77,57,9
Q,N,50,35,9
Q,N,23,66,9
Q,N,24,25,9
Q,N,60,3,9
Q,N,32,0,9
Q,N,30,75,9
Q,N,64,17,9
Q,N,30,14,9
Q,N,74,1,9
Q,N,47,65,9
Q,N,47,45,9
Q,N,24,27,9
Q,N,10,66,9
Q,N,51,75,9
Q,N,63,32,9
Q,N,21,26,9
Q,N,41,46,9
Q,N,55,13,9
Q,N,76,77,9
Q,N,67,60,9
Q,N,37,32,9
Q,N,30,6,9
Q,N,14,11,9
Q,N,76,13,9
Q,N,63,23,9
Q,N,3,73,9
Q,N,25,50,9
Q,N,75,25,9
Q,N,44,22,9
Q,N,75,3,9
Q,N,60,12,9
Q,N,23,40,9
Q,N,37,57,9
Q,N,54,72,9
Q,N,54,55,9
Q,N,26,52,9
Q,N,10,67,9
Q,N,25,43,9
Q,N,32,35,9
Q,N,32,42,9
Q,N,34,3,9
Q,N,46,17,9
Q,N,64,0,9
Q,N,6,32,9
Q,N,73,34,9
Q,N,66,12,9
Q,N,74,26,9
Q,N,76,43,9
Q,N,77,37,9
Q,N,73,0,9
Q,N,70,53,9
Q,N,12,43,9
Q,N,21,50,9
Q,N,10,56,9
Q,N,55,33,9
Q,N,31,15,9
Q,N,16,32,9
Q,N,63,26,9
Q,N,2,63,9
Q,N,20,70,9
Q,N,43,13,9
Q,N,43,17,9
Q,N,43,54,9
Q,N,47,40,9
Q,N,12,51,9
Q,N,33,54,9
Q,N,12,35,9
Q,N,57,7,9
Q,N,21,12,9
Q,N,41,13,9
Q,N,17,40,9
Q,N,55,46,9
Q,N,47,27,9
Q,N,57,26,9
Q,N,76,35,9
Q,N,56,47,9
Q,N,33,72,9
Q,N,76,65,9
Q,N,37,67,9
Q,N,40,27,9
Q,N,1,62,9
Q,N,37,50,9
Q,N,62,26,9
Q,N,73,31,9
Q,N,6,41,9
Q,N,67,57,9
Q,N,17,53,9
Q,N,15,36,9
Q,N,22,74,9
Q,N,22,64,9
Q,N,32,6,9
Q,N,30,53,9
Q,N,64,21,9
Q,N,20,4,9
Q,N,66,32,9
Q,N,16,77,9
Q,N,13,30,9
Q,N,14,66,9
Q,N,72,41,9
Q,N,5,64,9
Q,N,30,56,9
Q,N,51,14,9
Q,N,45,66,9
Q,N,10,13,9
Q,N,36,0,9
Q,N,37,10,9
Q,N,0,37,9
Q,N,40,17,9
Q,N,27,5,9
Q,N,56,16,9
Q,N,24,23,9
Q,N,34,70,9
Q,N,10,44,9
Q,N,77,20,9
Q,N,63,73,9
Q,N,27,17,9
Q,N,34,10,9
Q,N,34,74,9
Q,N,24,6,9
Q,N,53,3,9
Q,N,40,44,9
Q,N,7,1,9
Q,N,30,33,9
Q,N,6,16,9
Q,N,20,51,9
Q,N,62,10,9
Q,N,65,31,9
Q,N,70,54,9
Q,N,1,43,9
Q,N,72,40,9
Q,N,64,53,9
Q,N,51,15,9
Q,N,76,0,9
Q,N,27,66,9
Q,N,36,66,9
Q,N,53,56,9
Q,N,30,60,9
Q,N,34,16,9
Q,N,62,2,9
Q,N,14,47,9
Q,N,66,1,9
Q,N,24,51,9
Q,N,45,6,9
Q,N,40,7,9
Q,N,46,5,9
Q,N,16,62,9
Q,N,14,5,9
Q,N,13,73,9
Q,N,42,32,9
Q,N,66,46,9
Q,N,14,31,9
Q,N,77,34,9
Q,N,36,60,9
Q,N,12,44,9
Q,N,7,77,9
Q,N,16,11,9
Q,N,43,41,9
Q,N,13,16,9
Q,N,34,71,9
Q,N,52,36,9
Q,N,43,71,9
Q,N,74,27,9
Q,N,75,47,9
Q,N,2,3,9
Q,N,54,74,9
Q,N,31,53,9
Q,N,62,16,9
Q,N,14,75,9
Q,N,56,32,9
Q,N,65,16,9
Q,N,56,71,9
Q,N,43,6,9
Q,N,46,61,9
Q,N,4,67,9
Q,N,3,20,9
Q,N,42,20,9
Q,N,25,44,9
Q,N,5,16,9
Q,N,3,76,9
Q,N,37,13,9
Q,N,65,54,9
Q,N,52,63,9
Q,N,10,61,9
Q,N,5,3,9
Q,N,12,1,9
Q,N,31,16,9
Q,N,65,0,9
Q,N,67,65,9
Q,N,73,63,9
Q,N,53,25,9
Q,N,77,23,9
Q,N,15,41,9
Q,N,56,67,9
Q,N,75,43,9
Q,N,60,30,9
Q,N,64,35,9
Q,N,74,52,9
Q,N,57,21,9
Q,N,14,52,9
Q,N,70,43,9
Q,N,44,61,9
Q,N,61,62,9
Q,N,12,70,9
Q,N,50,22,9
Q,N,64,46,9
Q,N,36,4,9
Q,N,54,7,9
Q,N,75,10,9
Q,N,31,17,9
Q,N,62,20,9
Q,N,74,76,9
Q,N,41,17,9
Q,N,7,63,9
Q,N,20,76,9
Q,N,32,51,9
Q,N,7,67,9
Q,N,7,42,9
Q,N,72,42,9
Q,N,61,12,9
Q,N,60,46,9
Q,N,77,70,9
Q,N,62,41,9
Q,N,62,64,9
Q,N,4,76,9
Q,N,51,27,9
Q,N,76,33,9
Q,N,67,10,9
Q,N,16,27,9
Q,N,1,0,9
Q,N,45,7,9
Q,N,2,35,9
Q,N,41,22,9
Q,N,36,1,9
Q,N,44,2,9
Q,N,36,51,9
Q,N,75,1,9
Q,N,3,22,9
Q,N,6,43,9
Q,N,46,44,9
Q,N,40,62,9
Q,N,34,53,9
Q,N,10,0,9
Q,N,50,54,9
Q,N,3,72,9
Q,N,42,1,9
Q,N,35,30,9
Q,N,43,20,9
Q,N,75,50,9
Q,N,44,0,9
Q,N,34,62,9
Q,N,52,54,9
Q,N,13,17,9
Q,N,2,32,9
Q,N,43,60,9
Q,N,70,4,9
Q,N,27,74,9
Q,N,32,73,9
Q,N,3,65,9
Q,N,35,50,9
Q,N,22,50,9
Q,N,14,34,9
Q,N,51,2,9
Q,N,72,22,9
Q,N,23,0,9
Q,N,63,6,9
Q,N,61,72,9
Q,N,71,15,9
Q,N,31,14,9
Q,N,55,15,9
Q,N,62,53,9
Q,N,63,41,9
Q,N,46,23,9
Q,N,20,6,9
Q,N,46,26,9
Q,N,52,74,9
Q,N,37,16,9
Q,N,17,65,9
Q,N,0,55,9
Q,N,43,3,9
Q,N,25,70,9
Q,N,0,50,9
Q,N,55,44,9
Q,N,21,31,9
Q,N,10,73,9
Q,N,20,56,9
Q,N,70,0,9
Q,N,2,27,9
Q,N,2,26,9
Q,N,51,5,9
Q,N,60,33,9
Q,N,77,56,9
Q,N,55,76,9
Q,N,62,32,9
Q,N,34,77,9
Q,N,47,21,9
Q,N,21,47,9
Q,N,71,53,9
Q,N,17,41,9
Q,N,32,76,9
Q,N,47,61,9
Q,N,1,26,9
Q,N,65,76,9
Q,N,65,14,9
Q,N,55,5,9
Q,N,50,13,9
Q,N,10,36,9
Q,N,4,71,9
Q,N,51,21,9
Q,N,56,36,9
Q,N,6,7,9
Q,N,42,16,9
Q,N,51,7,9
Q,N,53,70,9
Q,N,67,42,9
Q,N,50,73,9
Q,N,57,35,9
Q,N,50,41,9
Q,N,61,60,9
Q,N,46,42,9
Q,N,21,72,9
Q,N,44,45,9
Q,N,77,27,9
Q,N,67,32,9
Q,N,24,5,9
Q,N,53,77,9
Q,N,16,52,9
Q,N,37,55,9
Q,N,55,0,9
Q,N,15,44,9
Q,N,61,25,9
Q,N,16,14,9
Q,N,24,33,9
Q,N,50,31,9
Q,N,52,16,9
Q,N,34,13,9
Q,N,32,5,9
Q,N,77,3,9
Q,N,26,47,9
Q,N,11,62,9
Q,N,36,12,9
Q,N,74,42,9
Q,N,5,41,9
Q,N,23,76,9
Q,N,72,43,9
Q,N,67,33,9
Q,N,14,54,9
Q,N,2,67,9
Q,N,27,1,9
Q,N,44,21,9
Q,N,77,26,9
Q,N,57,10,9
Q,N,1,4,9
Q,N,14,63,9
Q,N,25,46,9
Q,N,45,54,9
Q,N,54,5,9
Q,N,51,31,9
Q,N,23,53,9
Q,N,33,23,9
Q,N,4,21,9
Q,N,23,67,9
Q,N,22,46,9
Q,N,76,66,9
Q,N,10,31,9
Q,N,22,6,9
Q,N,54,52,9
Q,N,31,2,9
Q,N,31,5,9
Q,N,41,61,9
Q,N,55,11,9
Q,N,6,3,9
Q,N,30,11,9
Q,N,44,23,9
Q,N,6,20,9
Q,N,65,63,9
Q,N,62,60,9
Q,N,51,50,9
Q,N,32,12,9
Q,N,36,55,9
Q,N,3,37,9
Q,N,51,25,9
Q,N,75,24,9
Q,N,76,57,9
Q,N,64,45,9
Q,N,67,22,9
Q,N,73,14,9
Q,N,25,5,9
Q,N,36,5,9
Q,N,73,62,9
Q,N,56,33,9
Q,N,42,14,9
Q,N,61,51,9
Q,N,26,7,9
Q,N,47,26,9
Q,N,7,20,9
Q,N,64,10,9
Q,N,60,63,9
Q,N,17,62,9
Q,N,44,7,9
Q,N,26,21,9
Q,N,40,65,9
Q,N,40,4,9
Q,N,41,25,9
Q,N,4,27,9
Q,N,74,14,9
Q,N,0,36,9
Q,N,54,35,9
Q,N,75,70,9
Q,N,23,5,9
Q,N,50,40,9
Q,N,41,50,9
Q,N,62,63,9
Q,N,76,75,9
Q,N,63,10,9
Q,N,34,66,9
Q,N,73,57,9
Q,N,72,46,9
Q,N,20,74,9
Q,N,25,72,9
Q,N,74,41,9
Q,N,70,37,9
Q,N,10,57,9
Q,N,13,56,9
Q,N,20,50,9
Q,N,61,16,9
Q,N,45,13,9
Q,N,26,75,9
Q,N,30,72,9
Q,N,53,13,9
Q,N,11,43,9
Q,N,11,30,9
Q,N,17,67,9
Q,N,53,72,9
Q,N,20,47,9
Q,N,6,17,9
Q,N,57,23,9
Q,N,16,37,9
Q,N,14,37,9
Q,N,41,15,9
Q,N,27,55,9
Q,N,27,53,9
Q,N,61,67,9
Q,N,6,44,9
Q,N,53,75,9
Q,N,74,13,9
Q,N,0,27,9
Q,N,23,32,9
Q,N,2,0,9
Q,N,45,75,9
Q,N,53,71,9
Q,N,45,24,9
Q,N,73,4,9
Q,N,22,43,9
Q,N,47,73,9
Q,N,42,74,9
Q,N,54,50,9
Q,N,50,52,9
Q,N,51,73,9
Q,N,66,44,9
Q,N,22,23,9
Q,N,43,47,9
Q,N,1,10,9
Q,N,54,37,9
Q,N,71,44,9
Q,N,63,14,9
Q,N,5,15,9
Q,N,0,71,9
Q,N,53,6,9
Q,N,0,72,9
Q,N,10,32,9
Q,N,37,15,9
Q,N,50,4,9
Q,N,63,12,9
Q,N,60,23,9
Q,N,71,7,9
Q,N,17,44,9
Q,N,44,65,9
Q,N,51,0,9
Q,N,1,50,9
Q,N,36,3,9
Q,N,16,67,9
Q,N,74,25,9
Q,N,41,65,9
Q,N,10,15,9
Q,N,71,37,9
Q,N,16,13,9
Q,N,24,41,9
Q,N,64,43,9
Q,N,56,34,9
Q,N,35,77,9
Q,N,67,7,9
Q,N,60,66,9
Q,N,13,70,9
Q,N,34,50,9
Q,N,55,75,9
Q,N,15,51,9
Q,N,64,13,9
Q,N,16,75,9
Q,N,4,63,9
Q,N,25,62,9
Q,N,32,74,9
Q,N,32,3,9
Q,N,24,3,9
Q,N,43,26,9
Q,N,37,35,9
Q,N,1,73,9
Q,N,21,10,9
Q,N,26,5,9
Q,N,23,55,9
Q,N,71,75,9
Q,N,35,64,9
Q,N,5,72,9
Q,N,62,5,9
Q,N,54,23,9
Q,N,21,43,9
Q,N,73,75,9
Q,N,35,5,9
Q,N,2,70,9
Q,N,10,46,9
Q,N,43,66,9
Q,N,16,42,9
Q,N,16,47,9
Q,N,56,77,9
Q,N,56,27,9
Q,N,74,72,9
Q,N,11,1,9
Q,N,31,42,9
Q,N,41,45,9
Q,N,26,44,9
Q,N,30,62,9
Q,N,3,5,9
Q,N,33,4,9
Q,N,45,12,9
Q,N,13,72,9
Q,N,41,4,9
Q,N,41,27,9
Q,N,66,47,9
Q,N,52,10,9
Q,N,50,6,9
Q,N,32,33,9
Q,N,63,62,9
Q,N,0,20,9
Q,N,33,5,9
Q,N,63,30,9
Q,N,36,33,9
Q,N,3,45,9
Q,N,33,56,9
Q,N,47,67,9
Q,N,17,12,9
Q,N,26,65,9
Q,N,35,63,9
Q,N,16,70,9
Q,N,34,45,9
Q,N,13,14,9
Q,N,30,10,9
Q,N,25,27,9
Q,N,65,15,9
Q,N,14,71,9
Q,N,51,60,9
Q,N,71,52,9
Q,N,6,63,9
Q,N,4,65,9
Q,N,24,26,9
Q,N,44,71,9
Q,N,0,57,9
Q,N,42,73,9
Q,N,67,15,9
Q,N,50,17,9
Q,N,77,15,9
Q,N,13,63,9
Q,N,24,55,9
Q,N,25,21,9
Q,N,66,31,9
Q,N,4,62,9
Q,N,23,33,9
Q,N,25,53,9
Q,N,27,40,9
Q,N,17,50,9
Q,N,40,0,9
Q,N,30,61,9
Q,N,70,5,9
Q,N,30,63,9
Q,N,1,71,9
Q,N,31,0,9
Q,N,20,63,9
Q,N,74,53,9
Q,N,45,44,9
Q,N,71,76,9
Q,N,77,2,9
Q,N,37,17,9
Q,N,60,1,9
Q,N,32,36,9
Q,N,74,77,9
Q,N,26,63,9
Q,N,67,16,9
Q,N,55,3,9
Q,N,35,17,9
Q,N,47,3,9
Q,N,0,62,9
Q,N,0,30,9
Q,N,30,4,9
Q,N,56,35,9
Q,N,5,40,9
Q,N,6,57,9
Q,N,63,40,9
Q,N,43,72,9
Q,N,57,31,9
Q,N,5,52,9
Q,N,47,57,9
Q,N,72,47,9
Q,N,25,55,9
Q,N,32,4,9
Q,N,55,30,9
Q,N,1,47,9
Q,N,17,26,9
Q,N,71,27,9
Q,N,36,70,9
Q,N,60,25,9
Q,N,17,47,9
Q,N,24,72,9
Q,N,41,1,9
Q,N,34,25,9
Q,N,32,54,9
Q,N,41,31,9
Q,N,61,14,9
Q,N,24,64,9
Q,N,64,36,9
Q,N,20,40,9
Q,N,50,16,9
Q,N,50,0,9
Q,N,27,37,9
Q,N,65,13,9
Q,N,60,26,9
Q,N,53,50,9
Q,N,20,26,9
Q,N,7,54,9
Q,N,33,32,9
Q,N,65,23,9
Q,N,61,43,9
Q,N,64,54,9
Q,N,5,42,9
Q,N,32,61,9
Q,N,47,4,9
Q,N,45,62,9
Q,N,53,43,9
Q,N,0,44,9
Q,N,24,35,9
Q,N,12,67,9
Q,N,15,61,9
Q,N,4,57,9
Q,N,1,52,9
Q,N,24,0,9
Q,N,16,41,9
Q,N,44,74,9
Q,N,71,2,9
Q,N,35,54,9
Q,N,24,57,9
Q,N,1,6,9
Q,N,23,2,9
Q,N,13,71,9
Q,N,23,13,9
Q,N,70,77,9
Q,N,7,47,9
Q,N,47,22,9
Q,N,56,5,9
Q,N,11,72,9
Q,N,23,57,9
Q,N,21,75,9
Q,N,45,22,9
Q,N,4,20,9
Q,N,62,15,9
Q,N,35,25,9
Q,N,77,50,9
Q,N,27,6,9
Q,N,0,66,9
Q,N,66,43,9
Q,N,33,6,9
Q,N,73,30,9
Q,N,33,10,9
Q,N,42,44,9
Q,N,0,70,9
Q,N,15,31,9
Q,N,42,0,9
Q,N,44,64,9
Q,N,13,24,9
Q,N,55,14,9
Q,N,23,73,9
Q,N,33,24,9
Q,N,23,63,9
Q,N,17,76,9
Q,N,52,32,9
Q,N,50,1,9
Q,N,12,76,9
Q,N,5,60,9
Q,N,67,5,9
Q,N,41,74,9
Q,N,47,12,9
Q,N,32,70,9
Q,N,57,47,9
Q,N,42,21,9
Q,N,24,76,9
Q,N,44,43,9
Q,N,45,76,9
Q,N,24,46,9
Q,N,57,0,9
Q,N,31,76,9
Q,N,34,75,9
Q,N,12,22,9
Q,N,33,43,9
Q,N,51,52,9
Q,N,27,50,9
Q,N,74,17,9
Q,N,63,74,9
Q,N,21,61,9
Q,N,25,26,9
Q,N,3,57,9
Q,N,50,23,9
Q,N,76,17,9
Q,N,2,57,9
Q,N,62,65,9
Q,N,21,4,9
Q,N,51,24,9
Q,N,37,76,9
Q,N,67,35,9
Q,N,42,47,9
Q,N,61,30,9
Q,N,71,5,9
Q,N,54,53,9
Q,N,15,52,9
Q,N,3,14,9
Q,N,31,22,9
Q,N,73,22,9
Q,N,27,43,9
Q,N,40,63,9
Q,N,22,75,9
Q,N,32,63,9
Q,N,50,27,9
Q,N,2,23,9
Q,N,42,13,9
Q,N,45,61,9
Q,N,46,56,9
Q,N,56,52,9
Q,N,10,17,9
Q,N,40,12,9
Q,N,63,43,9
Q,N,26,37,9
Q,N,50,74,9
Q,N,0,10,9
Q,N,24,61,9
Q,N,15,4,9
Q,N,63,21,9
Q,N,2,40,9
Q,N,27,77,9
Q,N,37,61,9
Q,N,61,46,9
Q,N,55,23,9
Q,N,65,64,9
Q,N,4,34,9
Q,N,1,65,9
Q,N,75,64,9
Q,N,50,55,9
Q,N,4,46,9
Q,N,40,31,9
Q,N,64,30,9
Q,N,37,46,9
Q,N,57,1,9
Q,N,13,4,9
Q,N,11,61,9
Q,N,35,60,9
Q,N,64,22,9
Q,N,61,44,9
Q,N,24,70,9
Q,N,16,35,9
Q,N,13,42,9
Q,N,71,11,9
Q,N,7,24,9
Q,N,14,13,9
Q,N,62,61,9
Q,N,71,24,9
Q,N,64,3,9
Q,N,12,37,9
Q,N,46,13,9
Q,N,21,70,9
Q,N,11,52,9
Q,N,55,20,9
Q,N,64,24,9
Q,N,60,21,9
Q,N,72,70,9
Q,N,27,56,9
Q,N,61,45,9
Q,N,53,7,9
Q,N,10,11,9
Q,N,47,7,9
Q,N,52,77,9
Q,N,21,53,9
Q,N,25,74,9
Q,N,25,64,9
Q,N,44,24,9
Q,N,3,66,9
Q,N,23,22,9
Q,N,11,42,9
Q,N,32,43,9
Q,N,72,6,9
Q,N,73,26,9
Q,N,74,40,9
Q,N,60,44,9
Q,N,25,20,9
Q,N,61,35,9
Q,N,51,30,9
Q,N,57,2,9
Q,N,21,25,9
Q,N,41,11,9
Q,N,2,1,9
Q,N,73,17,9
Q,N,64,55,9
Q,N,11,66,9
Q,N,3,62,9
Q,N,11,53,9
Q,N,11,16,9
Q,N,27,21,9
Q,N,72,44,9
Q,N,11,41,9
Q,N,20,1,9
Q,N,62,47,9
Q,N,22,20,9
Q,N,60,34,9
Q,N,7,0,9
Q,N,41,62,9
Q,N,65,36,9
Q,N,21,22,9
Q,N,54,71,9
Q,N,21,7,9
Q,N,73,71,9
Q,N,61,36,9
Q,N,23,75,9
Q,N,44,3,9
Q,N,47,36,9
Q,N,13,22,9
Q,N,1,12,9
Q,N,12,36,9
Q,N,55,57,9
Q,N,53,76,9
Q,N,64,7,9
Q,N,10,51,9
Q,N,51,12,9
Q,N,53,30,9
Q,N,47,77,9
Q,N,42,76,9
Q,N,71,4,9
Q,N,21,60,9
Q,N,34,73,9
Q,N,7,6,9
Q,N,3,43,9
Q,N,4,40,9
Q,N,26,43,9
Q,N,46,16,9
Q,N,77,41,9
Q,N,0,21,9
Q,N,75,76,9
Q,N,20,67,9
Q,N,3,52,9
Q,N,14,4,9
Q,N,73,21,9
Q,N,43,74,9
Q,N,30,5,9
Q,N,6,4,9
Q,N,77,0,9
Q,N,65,22,9
Q,N,5,0,9
Q,N,10,74,9
Q,N,36,77,9
Q,N,47,13,9
Q,N,11,50,9
Q,N,13,76,9
Q,N,2,34,9
Q,N,55,54,9
Q,N,23,77,9
Q,N,26,62,9
Q,N,71,31,9
Q,N,0,75,9
Q,N,54,31,9
Q,N,35,72,9
Q,N,30,57,9
Q,N,46,24,9
Q,N,56,55,9
Q,N,37,36,9
Q,N,26,22,9
Q,N,30,20,9
Q,N,60,42,9
Q,N,47,16,9
Q,N,61,65,9
Q,N,36,26,9
Q,N,67,44,9
Q,N,62,7,9
Q,N,25,23,9
Q,N,76,30,9
Q,N,77,43,9
Q,N,71,21,9
Q,N,74,54,9
Q,N,0,11,9
Q,N,7,62,9
Q,N,30,15,9
Q,N,70,23,9
Q,N,33,3,9
Q,N,51,55,9
Q,N,74,35,9
Q,N,53,23,9
Q,N,55,73,9
Q,N,61,21,9
Q,N,22,1,9
Q,N,63,52,9
Q,N,11,54,9
Q,N,56,14,9
Q,N,27,25,9
Q,N,15,73,9
Q,N,54,11,9
Q,N,77,31,9
Q,N,34,24,9
Q,N,50,3,9
Q,N,64,75,9
Q,N,32,31,9
Q,N,36,65,9
Q,N,72,5,9
Q,N,63,20,9
Q,N,37,0,9
Q,N,41,30,9
Q,N,20,45,9
Q,N,74,34,9
Q,N,71,30,9
Q,N,70,12,9
Q,N,53,54,9
Q,N,12,30,9
Q,N,45,17,9
Q,N,11,55,9
Q,N,23,26,9
Q,N,62,73,9
Q,N,61,2,9
Q,N,21,30,9
Q,N,43,62,9
Q,N,66,41,9
Q,N,76,71,9
Q,N,61,37,9
Q,N,44,47,9
Q,N,63,31,9
Q,N,65,46,9
Q,N,31,36,9
Q,N,17,30,9
Q,N,27,20,9
Q,N,2,6,9
Q,N,17,27,9
Q,N,52,13,9
Q,N,66,45,9
Q,N,70,17,9
Q,N,75,56,9
Q,N,4,7,9
Q,N,73,15,9
Q,N,14,44,9
Q,N,66,33,9
Q,N,16,10,9
Q,N,74,4,9
Q,N,76,14,9
Q,N,26,76,9
Q,N,6,21,9
Q,N,17,46,9
Q,N,57,56,9
Q,N,23,70,9
Q,N,1,63,9
Q,N,72,13,9
Q,N,7,16,9
Q,N,72,20,9
Q,N,75,33,9
Q,N,14,15,9
Q,N,15,47,9
Q,N,72,1,9
Q,N,70,26,9
Q,N,62,0,9
Q,N,23,14,9
Q,N,30,76,9
Q,N,20,73,9
Q,N,5,21,9
Q,N,51,72,9
Q,N,64,41,9
Q,N,75,7,9
Q,N,25,16,9
Q,N,24,67,9
Q,N,40,70,9
Q,N,63,45,9
Q,N,31,37,9
Q,N,66,42,9
Q,N,6,26,9
Q,N,52,62,9
Q,N,24,56,9
Q,N,4,74,9
Q,N,31,32,9
Q,N,20,65,9
Q,N,72,77,9
Q,N,73,50,9
Q,N,33,51,9
Q,N,60,41,9
Q,N,57,32,9
Q,N,57,46,9
Q,N,23,60,9
Q,N,37,62,9
Q,N,55,26,9
Q,N,73,46,9
Q,N,32,14,9
Q,N,34,15,9
Q,N,65,34,9
Q,N,0,31,9
Q,N,2,74,9
Q,N,6,77,9
Q,N,22,65,9
Q,N,62,45,9
Q,N,24,21,9
Q,N,31,77,9
Q,N,75,34,9
Q,N,65,5,9
Q,N,54,36,9
Q,N,17,42,9
Q,N,32,56,9
Q,N,50,14,9
Q,N,52,4,9
Q,N,47,56,9
Q,N,55,70,9
Q,N,47,10,9
Q,N,32,71,9
Q,N,60,14,9
Q,N,66,55,9
Q,N,35,75,9
Q,N,12,57,9
Q,N,51,71,9
Q,N,27,65,9
Q,N,63,47,9
Q,N,40,25,9
Q,N,42,77,9
Q,N,71,42,9
Q,N,26,1,9
Q,N,70,24,9
Q,N,71,73,9
Q,N,0,54,9
Q,N,53,44,9
Q,N,54,25,9
Q,N,74,45,9
Q,N,74,12,9
Q,N,7,32,9
Q,N,72,35,9
Q,N,47,24,9
Q,N,10,76,9
Q,N,45,67,9
Q,N,6,67,9
Q,N,56,57,9
Q,N,21,57,9
Q,N,34,17,9
Q,N,6,15,9
Q,N,11,35,9
Q,N,13,35,9
Q,N,55,65,9
Q,N,51,17,9
Q,N,51,74,9
Q,N,44,20,9
Q,N,56,46,9
Q,N,55,71,9
Q,N,17,37,9
Q,N,36,64,9
Q,N,16,61,9
Q,N,5,44,9
Q,N,10,70,9
Q,N,60,10,9
Q,N,43,61,9
Q,N,11,10,9
Q,N,64,63,9
Q,N,73,2,9
Q,N,17,52,9
Q,N,22,77,9
Q,N,23,50,9
Q,N,71,45,9
Q,N,17,61,9
Q,N,16,36,9
Q,N,76,51,9
Q,N,67,40,9
Q,N,21,55,9
Q,N,10,52,9
Q,N,23,7,9
Q,N,17,10,9
Q,N,14,46,9
Q,N,47,17,9
Q,N,40,26,9
Q,N,40,74,9
Q,N,64,12,9
Q,N,17,33,9
Q,N,61,31,9
Q,N,55,35,9
Q,N,62,14,9
Q,N,46,27,9
Q,N,45,40,9
Q,N,60,40,9
Q,N,60,6,9
Q,N,35,37,9
Q,N,64,66,9
Q,N,16,60,9
Q,N,23,52,9
Q,N,10,16,9
Q,N,41,44,9
Q,N,16,15,9
Q,N,3,25,9
Q,N,32,60,9
Q,N,6,36,9
Q,N,17,36,9
Q,N,0,65,9
Q,N,11,77,9
Q,N,74,50,9
Q,N,30,54,9
Q,N,36,57,9
Q,N,14,61,9
Q,N,70,20,9
Q,N,73,47,9
Q,N,26,60,9
Q,N,32,2,9
Q,N,40,61,9
Q,N,42,62,9
Q,N,20,55,9
Q,N,5,20,9
Q,N,21,67,9
Q,N,65,11,9
Q,N,14,60,9
Q,N,44,16,9
Q,N,73,20,9
Q,N,24,54,9
Q,N,32,34,9
Q,N,20,11,9
Q,N,71,12,9
Q,N,72,14,9
Q,N,45,41,9
Q,N,56,45,9
Q,N,0,4,9
Q,N,1,22,9
Q,N,51,13,9
Q,N,12,31,9
Q,N,4,30,9
Q,N,76,44,9
Q,N,11,51,9
Q,N,42,23,9
Q,N,5,53,9
Q,N,46,0,9
Q,N,16,64,9
Q,N,32,23,9
Q,N,23,65,9
Q,N,53,73,9
Q,N,54,70,9
Q,N,47,60,9
Q,N,56,23,9
Q,N,36,54,9
Q,N,13,41,9
Q,N,16,46,9
Q,N,67,45,9
Q,N,40,22,9
Q,N,23,27,9
Q,N,42,66,9
Q,N,40,64,9
Q,N,22,73,9
Q,N,12,74,9
Q,N,63,2,9
Q,N,25,76,9
Q,N,4,55,9
Q,N,56,37,9
Q,N,25,45,9
Q,N,21,62,9
Q,N,43,76,9
Q,N,67,4,9
Q,N,4,26,9
Q,N,67,26,9
Q,N,57,17,9
Q,N,37,4,9
Q,N,51,1,9
Q,N,3,60,9
Q,N,7,50,9
Q,N,6,46,9
Q,N,15,54,9
Q,N,17,32,9
Q,N,10,43,9
Q,N,42,46,9
Q,N,0,46,9
Q,N,43,1,9
Q,N,55,45,9
Q,N,44,42,9
Q,N,62,66,9
Q,N,15,64,9
Q,N,22,44,9
Q,N,73,6,9
Q,N,36,74,9
Q,N,37,70,9
Q,N,33,30,9
Q,N,31,64,9
Q,N,57,24,9
Q,N,31,41,9
Q,N,11,40,9
Q,N,44,63,9
Q,N,51,10,9
Q,N,55,37,9
Q,N,42,53,9
Q,N,32,52,9
Q,N,20,23,9
Q,N,26,77,9
Q,N,75,37,9
Q,N,74,56,9
Q,N,42,61,9
Q,N,76,47,9
Q,N,64,44,9
Q,N,74,0,9
Q,N,3,71,9
Q,N,4,56,9
Q,N,57,66,9
Q,N,77,21,9
Q,N,30,12,9
Q,N,76,54,9
Q,N,62,40,9
Q,N,27,46,9
Q,N,65,74,9
Q,N,31,34,9
Q,N,77,71,9
Q,N,71,26,9
Q,N,42,25,9
Q,N,75,55,9
Q,N,77,25,9
Q,N,1,3,9
Q,N,75,4,9
Q,N,16,56,9
Q,N,41,77,9
Q,N,65,37,9
Q,N,22,12,9
Q,N,77,67,9
Q,N,12,47,9
Q,N,31,3,9
Q,N,13,74,9
Q,N,71,60,9
Q,N,52,11,9
Q,N,10,63,9
Q,N,74,2,9
Q,N,50,26,9
Q,N,11,75,9
Q,N,75,45,9
Q,N,16,5,9
Q,N,1,60,9
Q,N,43,11,9
Q,N,70,30,9
Q,N,11,33,9
Q,N,14,16,9
Q,N,37,72,9
Q,N,52,15,9
Q,N,34,43,9
Q,N,0,73,9
Q,N,75,77,9
Q,N,35,44,9
Q,N,1,37,9
Q,N,54,27,9
Q,N,43,27,9
Q,N,10,12,9
Q,N,22,2,9
Q,N,6,1,9
Q,N,13,61,9
Q,N,46,77,9
Q,N,32,37,9
Q,N,67,23,9
Q,N,54,77,9
Q,N,63,46,9
Q,N,3,75,9
Q,N,36,37,9
Q,N,23,62,9
Q,N,74,44,9
Q,N,47,14,9
Q,N,11,64,9
Q,N,46,73,9
Q,N,16,43,9
Q,N,37,63,9
Q,N,47,42,9
Q,N,40,42,9
Q,N,12,56,9
Q,N,47,71,9
Q,N,26,23,9
Q,N,2,13,9
Q,N,72,62,9
Q,N,52,35,9
Q,N,75,16,9
Q,N,65,2,9
Q,N,5,26,9
Q,N,76,74,9
Q,N,65,21,9
Q,N,72,45,9
Q,N,22,57,9
Q,N,61,3,9
Q,N,26,70,9
Q,N,46,47,9
Q,N,53,37,9
Q,N,12,55,9
Q,N,15,10,9
Q,N,67,47,9
Q,N,32,11,9
Q,N,17,6,9
Q,N,26,50,9
Q,N,73,74,9
Q,N,42,24,9
Q,N,4,77,9
Q,N,7,25,9
Q,N,13,2,9
Q,N,16,33,9
Q,N,31,63,9
Q,N,21,56,9
Q,N,64,61,9
Q,N,22,40,9
Q,N,23,54,9
Q,N,10,72,9
Q,N,12,75,9
Q,N,31,62,9
Q,N,25,71,9
Q,N,1,40,9
Q,N,72,33,9
Q,N,7,35,9
Q,N,62,27,9
Q,N,50,15,9
Q,N,76,55,9
Q,N,61,40,9
Q,N,6,76,9
Q,N,5,32,9
Q,N,6,47,9
Q,N,5,75,9
Q,N,25,42,9
Q,N,57,52,9
Q,N,30,17,9
Q,N,21,71,9
Q,N,72,24,9
Q,N,67,1,9
Q,N,23,71,9
Q,N,33,35,9
Q,N,55,10,9
Q,N,41,63,9
Q,N,11,12,9
Q,N,71,35,9
Q,N,74,75,9
Q,N,57,54,9
Q,N,74,20,9
Q,N,26,45,9
Q,N,42,65,9
Q,N,36,75,9
Q,N,33,53,9
Q,N,71,1,9
Q,N,10,33,9
Q,N,43,64,9
Q,N,7,70,9
Q,N,17,11,9
Q,N,42,67,9
Q,N,54,12,9
Q,N,35,10,9
Q,N,30,74,9
Q,N,62,67,9
Q,N,52,14,9
Q,N,40,21,9
Q,N,77,55,9
Q,N,70,31,9
Q,N,76,11,9
Q,N,13,53,9
Q,N,1,33,9
Q,N,66,21,9
Q,N,42,10,9
Q,N,54,2,9
Q,N,51,34,9
Q,N,11,71,9
Q,N,41,60,9
Q,N,6,64,9
Q,N,56,54,9
Q,N,54,14,9
Q,N,0,77,9
Q,N,16,66,9
Q,N,34,61,9
Q,N,30,1,9
Q,N,53,21,9
Q,N,23,25,9
Q,N,4,66,9
Q,N,14,32,9
Q,N,71,25,9
Q,N,17,74,9
Q,N,66,64,9
Q,N,66,36,9
Q,N,27,44,9
Q,N,32,53,9
Q,N,52,7,9
Q,N,60,67,9
Q,N,7,34,9
Q,N,57,22,9
Q,N,6,30,9
Q,N,66,7,9
Q,N,57,30,9
Q,N,41,73,9
Q,N,61,6,9
Q,N,16,26,9
Q,N,33,62,9
Q,N,72,71,9
Q,N,17,75,9
Q,N,14,42,9
Q,N,17,73,9
Q,N,56,73,9
Q,N,11,37,9
Q,N,41,26,9
Q,N,14,25,9
Q,N,66,2,9
Q,N,15,75,9
Q,N,31,40,9
Q,N,70,10,9
Q,N,70,71,9
Q,N,36,47,9
Q,N,34,55,9
Q,N,43,46,9
Q,N,34,37,9
Q,N,75,53,9
Q,N,35,46,9
Q,N,46,45,9
Q,N,1,51,9
Q,N,22,13,9
Q,N,35,24,9
Q,N,34,30,9
Q,N,66,26,9
Q,N,41,2,9
Q,N,2,36,9
Q,N,21,46,9
Q,N,74,57,9
Q,N,27,67,9
Q,N,32,21,9
Q,N,4,2,9
Q,N,75,73,9
Q,N,42,12,9
Q,N,24,34,9
Q,N,53,32,9
Q,N,70,75,9
Q,N,57,77,9
Q,N,3,34,9
Q,N,53,14,9
Q,N,12,14,9
Q,N,70,34,9
Q,N,33,31,9
Q,N,60,71,9
Q,N,63,17,9
Q,N,63,22,9
Q,N,2,5,9
Q,N,53,62,9
Q,N,33,42,9
Q,N,37,5,9
Q,N,31,11,9
Q,N,5,4,9
Q,N,2,66,9
Q,N,11,65,9
Q,N,2,37,9
Q,N,6,52,9
Q,N,22,4,9
Q,N,10,65,9
Q,N,74,63,9
Q,N,52,24,9
Q,N,24,13,9
Q,N,34,31,9
Q,N,35,11,9
Q,N,42,63,9
Q,N,0,56,9
Q,N,56,11,9
Q,N,45,20,9
Q,N,74,70,9
Q,N,52,43,9
Q,N,64,60,9
Q,N,66,34,9
Q,N,47,70,9
Q,N,26,15,9
Q,N,52,72,9
Q,N,75,46,9
Q,N,7,2,9
Q,N,70,55,9
Q,N,33,12,9
Q,N,75,6,9
Q,N,47,76,9
Q,N,6,50,9
Q,N,73,36,9
Q,N,31,72,9
Q,N,30,35,9
Q,N,16,55,9
Q,N,21,32,9
Q,N,75,74,9
Q,N,4,5,9
Q,N,56,7,9
Q,N,44,54,9
Q,N,24,20,9
Q,N,62,37,9
Q,N,73,12,9
Q,N,46,70,9
Q,N,76,16,9
Q,N,57,4,9
Q,N,65,17,9
Q,N,0,76,9
Q,N,26,4,9
Q,N,32,15,9
Q,N,25,36,9
Q,N,46,64,9
Q,N,74,16,9
Q,N,12,13,9
Q,N,2,25,9
Q,N,37,6,9
Q,N,46,22,9
Q,N,74,5,9
Q,N,23,1,9
Q,N,14,17,9
Q,N,76,5,9
Q,N,41,71,9
Q,N,72,21,9
Q,N,24,22,9
Q,N,5,33,9
Q,N,72,26,9
Q,N,63,3,9
Q,N,45,27,9
Q,N,44,72,9
Q,N,40,30,9
Q,N,13,51,9
Q,N,32,16,9
Q,N,45,65,9
Q,N,7,40,9
Q,N,43,45,9
Q,N,25,34,9
Q,N,16,65,9
Q,N,7,26,9
Q,N,55,31,9
Q,N,22,25,9
Q,N,27,16,9
Q,N,72,63,9
Q,N,41,76,9
Q,N,61,47,9
Q,N,57,73,9
Q,N,61,71,9
Q,N,73,13,9
Q,N,62,33,9
Q,N,66,5,9
Q,N,76,23,9
Q,N,66,57,9
Q,N,4,61,9
Q,N,15,45,9
Q,N,44,17,9
Q,N,62,3,9
Q,N,31,30,9
Q,N,65,44,9
Q,N,65,47,9
Q,N,30,21,9
Q,N,71,13,9
Q,N,7,55,9
Q,N,13,43,9
Q,N,26,71,9
Q,N,33,71,9
Q,N,27,0,9
Q,N,22,42,9
Q,N,33,0,9
Q,N,50,36,9
Q,N,17,55,9
Q,N,25,51,9
Q,N,52,53,9
Q,N,57,13,9
Q,N,62,71,9
Q,N,22,45,9
Q,N,25,40,9
Q,N,35,15,9
Q,N,67,37,9
Q,N,54,26,9
Q,N,44,12,9
Q,N,32,41,9
Q,N,31,70,9
Q,N,53,35,9
Q,N,73,16,9
Q,N,67,25,9
Q,N,36,6,9
Q,N,43,40,9
Q,N,13,52,9
Q,N,74,10,9
Q,N,6,22,9
Q,N,5,73,9
Q,N,35,34,9
Q,N,72,12,9
Q,N,20,52,9
Q,N,0,45,9
Q,N,40,75,9
Q,N,73,33,9
Q,N,15,14,9
Q,N,24,7,9
Q,N,0,1,9
Q,N,25,56,9
Q,N,67,77,9
Q,N,60,70,9
Q,N,23,21,9
Q,N,30,34,9
Q,N,61,10,9
Q,N,64,26,9
Q,N,66,14,9
Q,N,40,16,9
Q,N,66,37,9
Q,N,74,73,9
Q,N,56,24,9
Q,N,37,56,9
Q,N,41,23,9
Q,N,75,32,9
Q,N,14,70,9
Q,N,31,10,9
Q,N,76,37,9
Q,N,50,70,9
Q,N,36,35,9
Q,N,1,21,9
Q,N,55,36,9
Q,N,45,71,9
Q,N,0,53,9
Q,N,75,35,9
Q,N,36,45,9
Q,N,77,10,9
Q,N,16,25,9
Q,N,72,73,9
Q,N,73,44,9
Q,N,0,26,9
Q,N,7,52,9
Q,N,72,16,9
Q,N,44,53,9
Q,N,32,55,9
Q,N,20,66,9
Q,N,50,32,9
Q,N,27,72,9
Q,N,55,56,9
Q,N,14,76,9
Q,N,16,34,9
Q,N,54,63,9
Q,N,22,11,9
Q,N,46,36,9
Q,N,22,66,9
Q,N,57,53,9
Q,N,66,56,9
Q,N,40,20,9
Q,N,43,53,9
Q,N,66,61,9
Q,N,21,6,9
Q,N,33,66,9
Q,N,33,75,9
Q,N,36,13,9
Q,N,67,61,9
Q,N,16,30,9
Q,N,56,26,9
Q,N,7,4,9
Q,N,30,50,9
Q,N,6,35,9
Q,N,77,13,9
Q,N,72,74,9
Q,N,51,40,9
Q,N,60,37,9
Q,N,34,1,9
Q,N,53,4,9
Q,N,72,55,9
Q,N,60,4,9
Q,N,1,64,9
Q,N,55,32,9
Q,N,24,73,9
Q,N,20,57,9
Q,N,67,27,9
Q,N,16,6,9
Q,N,37,54,9
Q,N,63,53,9
Q,N,40,1,9
Q,N,43,65,9
Q,N,7,3,9
Q,N,41,47,9
Q,N,64,15,9
Q,N,70,7,9
Q,N,35,55,9
Q,N,1,76,9
Q,N,50,34,9
Q,N,42,26,9
Q,N,61,23,9
Q,N,25,24,9
Q,N,16,54,9
Q,N,33,44,9
Q,N,10,77,9
Q,N,12,73,9
Q,N,60,11,9
Q,N,2,77,9
Q,N,14,73,9
Q,N,33,76,9
Q,N,67,12,9
Q,N,11,46,9
Q,N,24,43,9
Q,N,41,42,9
Q,N,23,56,9
Q,N,33,65,9
Q,N,16,57,9
Q,N,16,44,9
Q,N,46,11,9
Q,N,40,51,9
Q,N,26,64,9
Q,N,74,21,9
Q,N,11,20,9
Q,N,5,2,9
Q,N,10,71,9
Q,N,65,43,9
Q,N,33,77,9
Q,N,4,0,9
Q,N,36,63,9
Q,N,60,36,9
Q,N,25,7,9
Q,N,62,34,9
Q,N,27,52,9
Q,N,34,23,9
Q,N,32,67,9
Q,N,20,72,9
Q,N,65,26,9
Q,N,53,26,9
Q,N,31,51,9
Q,N,43,33,9
Q,N,1,46,9
Q,N,60,20,9
Q,N,2,75,9
Q,N,35,66,9
Q,N,27,23,9
Q,N,53,74,9
Q,N,23,12,9
Q,N,42,60,9
Q,N,50,24,9
Q,N,33,73,9
Q,N,27,3,9
Q,N,3,30,9
Q,N,63,0,9
Q,N,1,45,9
Q,N,45,25,9
Q,N,31,54,9
Q,N,70,14,9
Q,N,27,61,9
Q,N,67,56,9
Q,N,74,43,9
Q,N,30,2,9
Q,N,65,30,9
Q,N,2,20,9
Q,N,37,73,9
Q,N,20,77,9
Q,N,37,75,9
Q,N,3,27,9
Q,N,54,0,9
Q,N,2,55,9
Q,N,36,72,9
Q,N,21,1,9
Q,N,21,74,9
Q,N,4,54,9
Q,N,21,20,9
Q,N,37,66,9
Q,N,71,55,9
Q,N,15,70,9
Q,N,44,25,9
Q,N,47,1,9
Q,N,50,71,9
Q,N,56,53,9
Q,N,51,76,9
Q,N,16,72,9
Q,N,36,31,9
Q,N,53,36,9
Q,N,42,17,9
Q,N,15,42,9
Q,N,54,65,9
Q,N,70,22,9
Q,N,31,61,9
Q,N,31,13,9
Q,N,2,53,9
Q,N,62,1,9
Q,N,63,27,9
Q,N,67,17,9
Q,N,13,64,9
Q,N,70,57,9
Q,N,12,10,9
Q,N,43,75,9
Q,N,57,33,9
Q,N,3,74,9
Q,N,12,71,9
Q,N,46,35,9
Q,N,36,76,9
Q,N,34,36,9
Q,N,13,32,9
Q,N,23,20,9
Q,N,43,52,9
Q,N,11,0,9
Q,N,24,50,9
Q,N,7,75,9
Q,N,12,41,9
Q,N,16,50,9
Q,N,71,10,9
Q,N,12,46,9
Q,N,63,13,9
Q,N,46,10,9
Q,N,53,0,9
Q,N,75,66,9
Q,N,25,14,9
Q,N,77,42,9
Q,N,66,3,9
Q,N,31,73,9
Q,N,71,16,9
Q,N,35,12,9
Q,N,45,10,9
Q,N,26,51,9
Q,N,40,71,9
Q,N,42,3,9
Q,N,61,52,9
Q,N,15,60,9
Q,N,15,74,9
Q,N,71,32,9
Q,N,41,52,9
Q,N,72,53,9
Q,N,74,55,9
Q,N,15,77,9
Q,N,75,22,9
Q,N,76,52,9
Q,N,61,17,9
Q,N,23,3,9
Q,N,44,75,9
Q,N,27,7,9
Q,N,73,41,9
Q,N,76,41,9
Q,N,27,4,9
Q,N,72,34,9
Q,N,76,31,9
Q,N,25,61,9
Q,N,32,1,9
Q,N,12,72,9
Q,N,4,15,9
Q,N,37,27,9
Q,N,65,41,9
Q,N,37,3,9
Q,N,2,56,9
Q,N,34,32,9
Q,N,27,63,9
Q,N,65,27,9
Q,N,65,6,9
Q,N,54,17,9
Q,N,27,47,9
Q,N,71,46,9
Q,N,76,1,9
Q,N,56,2,9
Q,N,65,62,9
Q,N,37,14,9
Q,N,52,73,9
Q,N,35,26,9
Q,N,5,55,9
Q,N,43,34,9
Q,N,17,57,9
Q,N,47,5,9
Q,N,70,61,9
Q,N,45,4,9
Q,N,56,4,9
Q,N,41,16,9
Q,N,34,2,9
Q,N,75,15,9
Q,N,36,62,9
Q,N,32,77,9
Q,N,26,27,9
Q,N,15,26,9
Q,N,2,64,9
Q,N,33,13,9
Q,N,61,66,9
Q,N,64,20,9
Q,N,43,73,9
Q,N,63,60,9
Q,N,37,31,9
Q,N,21,44,9
Q,N,14,57,9
Q,N,74,22,9
Q,N,72,50,9
Q,N,63,5,9
Q,N,31,66,9
Q,N,55,17,9
Q,N,26,6,9
Q,N,76,32,9
Q,N,32,66,9
Q,N,44,4,9
Q,N,41,40,9
Q,N,42,43,9
Q,N,23,24,9
Q,N,40,77,9
Q,N,70,56,9
Q,N,27,26,9
Q,N,22,63,9
Q,N,16,40,9
Q,N,46,65,9
Q,N,6,24,9
Q,N,7,74,9
Q,N,57,27,9
Q,N,13,40,9
Q,N,34,35,9
Q,N,51,77,9
Q,N,74,47,9
Q,N,11,44,9
Q,N,31,57,9
Q,N,76,45,9
Q,N,65,61,9
Q,N,5,34,9
Q,N,50,56,9
Q,N,2,71,9
Q,N,26,20,9
Q,N,46,75,9
Q,N,21,27,9
Q,N,13,55,9
Q,N,16,7,9
Q,N,77,72,9
Q,N,36,11,9
Q,N,70,13,9
Q,N,65,40,9
Q,N,56,31,9
Q,N,55,77,9
Q,N,1,31,9
Q,N,15,32,9
Q,N,1,72,9
Q,N,4,45,9
Q,N,1,67,9
Q,N,6,70,9
Q,N,11,17,9
Q,N,41,51,9
Q,N,3,36,9
Q,N,67,6,9
Q,N,73,56,9
Q,N,52,30,9
Q,N,35,14,9
Q,N,34,33,9
Q,N,75,65,9
Q,N,50,60,9
Q,N,17,34,9
Q,N,64,16,9
Q,N,5,1,9
Q,N,73,35,9
Q,N,66,10,9
Q,N,77,5,9
Q,N,5,66,9
Q,N,74,15,9
Q,N,64,74,9
Q,N,73,55,9
Q,N,61,32,9
Q,N,11,15,9
Q,N,31,56,9
Q,N,40,73,9
Q,N,25,47,9
Q,N,4,37,9
Q,N,60,31,9
Q,N,30,36,9
Q,N,55,52,9
Q,N,71,50,9
Q,N,14,51,9
Q,N,12,2,9
Q,N,50,72,9
Q,N,24,52,9
Q,N,60,13,9
Q,N,53,1,9
Q,N,37,52,9
Q,N,30,16,9
Q,N,3,24,9
Q,N,26,72,9
Q,N,2,41,9
Q,N,20,62,9
Q,N,0,22,9
Q,N,63,65,9
Q,N,12,60,9
Q,N,10,45,9
Q,N,40,45,9
Q,N,57,34,9
Q,N,21,2,9
Q,N,61,1,9
Q,N,72,10,9
Q,N,54,64,9
Q,N,26,61,9
Q,N,43,0,9
Q,N,52,22,9
Q,N,61,41,9
Q,N,54,75,9
Q,N,12,11,9
Q,N,76,70,9
Q,N,3,56,9
Q,N,25,41,9
Q,N,42,15,9
Q,N,55,25,9
Q,N,42,71,9
Q,N,47,20,9
Q,N,22,60,9
Q,N,14,12,9
Q,N,2,22,9
Q,N,56,22,9
Q,N,27,45,9
Q,N,34,4,9
Q,N,63,24,9
Q,N,73,42,9
Q,N,43,24,9
Q,N,5,37,9
Q,N,61,15,9
Q,N,43,5,9
Q,N,17,35,9
Q,N,42,33,9
Q,N,42,31,9
Q,N,65,1,9
Q,N,6,34,9
Q,N,56,70,9
Q,N,34,60,9
Q,N,1,25,9
Q,N,54,1,9
Q,N,3,0,9
Q,N,35,3,9
Q,N,44,73,9
Q,N,74,64,9
Q,N,11,74,9
Q,N,33,60,9
Q,N,46,6,9
Q,N,75,31,9
Q,N,1,32,9
Q,N,71,23,9
Q,N,54,34,9
Q,N,65,10,9
Q,N,60,50,9
Q,N,11,22,9
Q,N,5,30,9
Q,N,55,2,9
Q,N,44,6,9
Q,N,40,50,9
Q,N,52,51,9
Q,N,62,25,9
Q,N,47,63,9
Q,N,76,72,9
Q,N,75,26,9
Q,N,3,35,9
Q,N,50,75,9
Q,N,52,2,9
Q,N,5,51,9
Q,N,52,41,9
Q,N,45,72,9
Q,N,75,12,9
Q,N,62,51,9
Q,N,37,1,9
Q,N,40,41,9
Q,N,3,63,9
Q,N,14,64,9
Q,N,71,70,9
Q,N,36,17,9
Q,N,65,7,9
Q,N,20,25,9
Q,N,30,3,9
Q,N,45,5,9
Q,N,13,31,9
Q,N,40,24,9
Q,N,37,53,9
Q,N,77,17,9
Q,N,47,0,9
Q,N,65,32,9
Q,N,41,70,9
Q,N,76,67,9
Q,N,60,27,9
Q,N,6,31,9
Q,N,26,36,9
Q,N,77,45,9
Q,N,4,22,9
Q,N,44,27,9
Q,N,10,34,9
Q,N,34,0,9
Q,N,76,42,9
Q,N,43,7,9
Q,N,20,61,9
Q,N,24,75,9
Q,N,15,30,9
Q,N,52,75,9
Q,N,66,62,9
Q,N,71,57,9
Q,N,23,45,9
Q,N,76,2,9
Q,N,43,44,9
Q,N,44,1,9
Q,N,31,75,9
Q,N,7,65,9
Q,N,17,54,9
Q,N,54,57,9
Q,N,44,15,9
Q,N,72,7,9
Q,N,35,74,9
Q,N,25,2,9
Q,N,75,17,9
Q,N,2,7,9
Q,N,1,23,9
Q,N,71,47,9
Q,N,3,1,9
Q,N,33,11,9
Q,N,51,23,9
Q,N,75,11,9
Q,N,5,47,9
Q,N,0,63,9
Q,N,20,71,9
Q,N,65,3,9
Q,N,73,1,9
Q,N,33,63,9
Q,N,66,76,9
Q,N,30,32,9
Q,N,73,51,9
Q,N,1,74,9
Q,N,63,67,9
Q,N,24,53,9
Q,N,10,62,9
Q,N,74,24,9
Q,N,5,46,9
Q,N,56,20,9
Q,N,42,6,9
Q,N,45,36,9
Q,N,67,14,9
Q,N,43,63,9
Q,N,1,34,9
Q,N,66,6,9
Q,N,14,53,9
Q,N,15,16,9
Q,N,10,14,9
Q,N,36,16,9
Q,N,72,57,9
Q,N,44,70,9
Q,N,45,21,9
Q,N,3,31,9
Q,N,67,2,9
Q,N,62,36,9
Q,N,13,46,9
Q,N,4,3,9
Q,N,73,53,9
Q,N,70,74,9
Q,N,15,71,9
Q,N,1,42,9
Q,N,50,51,9
Q,N,6,66,9
Q,N,63,7,9
Q,N,50,7,9
Q,N,75,71,9
Q,N,32,57,9
Q,N,44,34,9
Q,N,74,65,9
Q,N,33,15,9
Q,N,21,64,9
Q,N,0,47,9
Q,N,53,24,9
Q,N,33,16,9
Q,N,5,56,9
Q,N,46,7,9
Q,N,76,34,9
Q,N,57,37,9
Q,N,55,4,9
Q,N,5,61,9
Q,N,0,23,9
Q,N,50,30,9
Q,N,15,33,9
Q,N,10,54,9
Q,N,7,60,9
Q,N,14,67,9
Q,N,73,37,9
Q,N,3,33,9
Q,N,31,1,9
Q,N,63,4,9
Q,N,30,70,9
Q,N,26,56,9
Q,N,10,60,9
Q,N,77,54,9
Q,N,51,41,9
Q,N,30,67,9
Q,N,36,61,9
Q,N,43,32,9
Q,N,65,75,9
Q,N,47,74,9
Q,N,24,44,9
Q,N,65,66,9
Q,N,75,23,9
Q,N,60,51,9
Q,N,73,45,9
Q,N,5,67,9
Q,N,61,70,9
Q,N,2,30,9
Q,N,74,51,9
Q,N,6,54,9
Q,N,76,21,9
Q,N,57,25,9
Q,N,75,13,9
Q,N,67,11,9
Q,N,73,43,9
Q,N,13,34,9
Q,N,64,5,9
Q,N,7,37,9
Q,N,60,62,9
Q,N,7,71,9
Q,N,26,46,9
Q,N,52,42,9
Q,N,21,24,9
Q,N,22,24,9
Q,N,3,44,9
Q,N,63,16,9
Q,N,33,17,9
Q,N,33,57,9
Q,N,21,65,9
Q,N,45,56,9
Q,N,41,43,9
Q,N,13,65,9
Q,N,27,60,9
Q,N,63,54,9
Q,N,45,46,9
Q,N,52,76,9
Q,N,71,72,9
Q,N,62,4,9
Q,N,34,57,9
Q,N,65,4,9
Q,N,65,25,9
Q,N,67,3,9
Q,N,11,34,9
Q,N,61,5,9
Q,N,42,27,9
Q,N,12,21,9
Q,N,62,11,9
Q,N,6,53,9
Q,N,37,11,9
Q,N,65,60,9
Q,N,46,66,9
Q,N,23,47,9
Q,N,55,21,9
Q,N,14,23,9
Q,N,3,32,9
Q,N,13,10,9
Q,N,54,30,9
Q,N,53,31,9
Q,N,3,12,9
Q,N,4,33,9
Q,N,44,55,9
Q,N,66,4,9
Q,N,64,25,9
Q,N,74,30,9
Q,N,72,37,9
Q,N,30,40,9
Q,N,16,74,9
Q,N,57,15,9
Q,N,40,72,9
Q,N,27,73,9
Q,N,4,64,9
Q,N,70,47,9
Q,N,72,76,9
Q,N,65,55,9
Q,N,70,42,9
Q,N,5,25,9
Q,N,12,61,9
Q,N,21,76,9
Q,N,41,32,9
Q,N,57,55,9
Q,N,45,0,9
Q,N,45,26,9
Q,N,50,10,9
Q,N,31,33,9
Q,N,43,23,9
Q,N,55,24,9
Q,N,70,3,9
Q,N,47,37,9
Q,N,32,17,9
Q,N,50,61,9
Q,N,4,70,9
Q,N,56,50,9
Q,N,30,31,9
Q,N,63,33,9
Q,N,5,14,9
Q,N,62,46,9
Q,N,24,1,9
Q,N,71,3,9
Q,N,21,66,9
Q,N,34,12,9
Q,N,60,16,9
Q,N,31,55,9
Q,N,3,77,9
Q,N,15,6,9
Q,N,22,32,9
Q,N,32,75,9
Q,N,34,6,9
Q,N,51,56,9
Q,N,46,63,9
Q,N,40,76,9
Q,N,64,6,9
Q,N,34,11,9
Q,N,26,42,9
Q,N,46,1,9
Q,N,2,51,9
Q,N,46,43,9
Q,N,51,53,9
Q,N,52,61,9
Q,N,57,6,9
Q,N,63,34,9
Q,N,27,70,9
Q,N,37,12,9
Q,N,72,36,9
Q,N,36,15,9
Q,N,45,42,9
Q,N,52,5,9
Q,N,56,6,9
Q,N,34,67,9
Q,N,72,54,9
Q,N,52,34,9
Q,N,51,3,9
Q,N,10,35,9
Q,N,52,37,9
Q,N,20,31,9
Q,N,72,25,9
Q,N,12,32,9
Q,N,36,50,9
Q,N,64,11,9
Q,N,72,4,9
Q,N,46,55,9
Q,N,75,5,9
Q,N,74,23,9
Q,N,10,53,9
Q,N,15,67,9
Q,N,63,44,9
Q,N,45,14,9
Q,N,70,46,9
Q,N,21,51,9
Q,N,52,3,9
Q,N,44,26,9
Q,N,32,65,9
Q,N,1,53,9
Q,N,46,3,9
Q,N,43,10,9
Q,N,24,62,9
Q,N,27,2,9
Q,N,77,73,9
Q,N,3,46,9
Q,N,65,20,9
Q,N,76,12,9
Q,N,50,77,9
Q,N,27,51,9
Q,N,21,3,9
Q,N,66,30,9
Q,N,5,6,9
Q,N,12,62,9
Q,N,77,44,9
Q,N,12,63,9
Q,N,33,22,9
Q,N,54,33,9
Q,N,57,3,9
Q,N,45,15,9
Q,N,57,12,9
Q,N,77,53,9
Q,N,60,45,9
Q,N,22,51,9
Q,N,64,47,9
Q,N,11,57,9
Q,N,54,73,9
Q,N,12,66,9
Q,N,15,35,9
Q,N,15,17,9
Q,N,6,73,9
Q,N,3,70,9
Q,N,77,7,9
Q,N,5,27,9
Q,N,75,44,9
Q,N,63,1,9
Q,N,56,76,9
Q,N,14,33,9
Q,N,1,75,9
Q,N,35,73,9
Q,N,7,33,9
Q,N,42,41,9
Q,N,61,4,9
Q,N,74,46,9
Q,N,35,13,9
Q,N,45,70,9
Q,N,46,76,9
Q,N,27,76,9
Q,N,11,21,9
Q,N,72,52,9
Q,N,54,16,9
Q,N,22,0,9
Q,N,52,56,9
Q,N,37,71,9
Q,N,12,15,9
Q,N,25,6,9
Q,N,56,51,9
Q,N,23,64,9
Q,N,73,3,9
Q,N,4,52,9
Q,N,51,22,9
Q,N,20,41,9
Q,N,21,23,9
Q,N,24,74,9
Q,N,54,45,9
Q,N,7,61,9
Q,N,0,52,9
Q,N,64,31,9
Q,N,30,37,9
Q,N,51,57,9
Q,N,64,32,9
Q,N,66,60,9
Q,N,33,34,9
Q,N,3,51,9
Q,N,71,43,9
Q,N,74,7,9
Q,N,71,77,9
Q,N,74,71,9
Q,N,45,55,9
Q,N,0,7,9
Q,N,13,77,9
Q,N,4,6,9
Q,N,5,23,9
Q,N,12,50,9
Q,N,25,75,9
Q,N,6,75,9
Q,N,56,25,9
Q,N,57,74,9
Q,N,70,76,9
Q,N,61,27,9
Q,N,23,34,9
Q,N,65,24,9
Q,N,10,47,9
Q,N,70,6,9
Q,N,75,52,9
Q,N,25,65,9
Q,N,40,23,9
Q,N,63,35,9
Q,N,50,21,9
Q,N,31,6,9
Q,N,35,2,9
Q,N,22,47,9
Q,N,10,64,9
Q,N,54,56,9
Q,N,10,20,9
Q,N,14,41,9
Q,N,30,65,9
Q,N,67,21,9
Q,N,7,30,9
Q,N,35,45,9
Q,N,1,70,9
Q,N,57,71,9
Q,N,25,57,9
Q,N,44,62,9
Q,N,2,54,9
Q,N,0,43,9
Q,N,11,60,9
Q,N,35,6,9
Q,N,2,31,9
Q,N,34,44,9
Q,N,12,23,9
Q,N,2,21,9
Q,N,73,25,9
Q,N,36,46,9
Q,N,10,37,9
Q,N,40,5,9
Q,N,53,5,9
Q,N,22,76,9
Q,N,37,77,9
Q,N,55,22,9
Q,N,25,15,9
Q,N,0,42,9
Q,N,13,54,9
Q,N,17,13,9
Q,N,47,75,9
Q,N,17,60,9
Q,N,35,53,9
Q,N,27,42,9
Q,N,35,61,9
Q,N,64,34,9
Q,N,71,6,9
Q,N,3,4,9
Q,N,66,25,9
Q,N,52,25,9
Q,N,62,42,9
Q,N,67,63,9
Q,N,20,5,9
Q,N,7,73,9
Q,N,70,72,9
Q,N,27,75,9
Q,N,73,64,9
Q,N,51,26,9
Q,N,25,4,9
Q,N,5,71,9
Q,N,42,11,9
Q,N,70,11,9
Q,N,16,12,9
Q,N,3,50,9
Q,N,60,5,9
Q,N,65,33,9
Q,N,75,0,9
Q,N,37,26,9
Q,N,66,22,9
Q,N,54,22,9
Q,N,70,33,9
Q,N,20,42,9
Q,N,55,66,9
Q,N,6,51,9
Q,N,12,16,9
Q,N,22,52,9
Q,N,73,5,9
Q,N,63,15,9
Q,N,53,51,9
Q,N,7,45,9
Q,N,25,73,9
Q,N,76,7,9
Q,N,20,60,9
Q,N,7,64,9
Q,N,26,2,9
Q,N,15,25,9
Q,N,30,13,9
Q,N,33,70,9
Q,N,4,41,9
Q,N,77,33,9
Q,N,6,42,9
Q,N,3,42,9
Q,N,10,41,9
Q,N,36,30,9
Q,N,75,30,9
Q,N,46,15,9
Q,N,31,74,9
Q,N,55,16,9
Q,N,45,73,9
Q,N,2,73,9
Q,N,17,64,9
Q,N,61,7,9
Q,N,73,24,9
Q,N,14,43,9
Q,N,34,64,9
Q,N,26,24,9
Q,N,37,47,9
Q,N,52,57,9
Q,N,14,30,9
Q,N,32,22,9
Q,N,13,66,9
Q,N,20,7,9
Q,N,2,33,9
Q,N,1,66,9
Q,N,71,61,9
Q,N,77,52,9
Q,N,65,42,9
Q,N,25,67,9
Q,N,55,53,9
Q,N,13,33,9
Q,N,0,41,9
Q,N,24,40,9
Q,N,70,36,9
Q,N,36,14,9
Q,N,53,20,9
Q,N,42,51,9
Q,N,26,17,9
Q,N,20,43,9
Q,N,75,14,9
Q,N,15,40,9
Q,N,52,31,9
Q,N,6,45,9
Q,N,52,6,9
Q,N,64,37,9
Q,N,53,27,9
Q,N,4,43,9
Q,N,72,56,9
Q,N,30,55,9
Q,N,43,21,9
Q,N,22,5,9
Q,N,40,14,9
Q,N,57,72,9
Q,N,5,50,9
Q,N,62,72,9
Q,N,4,35,9
Q,N,42,64,9
Q,N,51,35,9
Q,N,17,51,9
Q,N,66,23,9
Q,N,67,41,9
Q,N,42,72,9
Q,N,1,30,9
Q,N,24,63,9
Q,N,53,2,9
Q,N,31,35,9
Q,N,77,6,9
Q,N,1,54,9
Q,N,75,72,9
Q,N,11,45,9
Q,N,16,53,9
Q,N,62,24,9
Q,N,47,44,9
Q,N,44,13,9
Q,N,55,34,9
Q,N,56,21,9
Q,N,50,12,9
Q,N,77,36,9
Q,N,52,17,9
Q,N,55,51,9
Q,N,26,40,9
Q,N,56,3,9
Q,N,24,65,9
Q,N,21,52,9
Q,N,62,30,9
Q,N,24,71,9
Q,N,54,3,9
Q,N,21,77,9
Q,N,34,76,9
Q,N,72,2,9
Q,N,52,33,9
Q,N,67,31,9
Q,N,56,13,9
Q,N,26,41,9
Q,N,25,54,9
Q,N,36,25,9
Q,N,70,2,9
Q,N,10,55,9
Q,N,1,41,9
Q,N,7,57,9
Q,N,56,15,9
Q,N,46,74,9
Q,N,75,57,9
Q,N,2,11,9
Q,N,35,65,9
Q,N,70,50,9
Q,N,33,67,9
Q,N,30,73,9
Q,N,12,3,9
Q,N,51,42,9
Q,N,23,6,9
Q,N,3,67,9
Q,N,30,77,9
Q,N,52,21,9
Q,N,7,36,9
Q,N,0,67,9
Q,N,26,74,9
Q,N,3,53,9
Q,N,66,75,9
Q,N,16,51,9
Q,N,25,63,9
Q,N,23,41,9
Q,N,70,16,9
Q,N,5,54,9
Q,N,4,25,9
Q,N,15,11,9
Q,N,35,32,9
Q,N,5,43,9
Q,N,5,31,9
Q,N,24,66,9
Q,N,6,0,9
Q,N,6,71,9
Q,N,66,15,9
Q,N,47,46,9
Q,N,61,22,9
Q,N,31,7,9
Q,N,44,77,9
Q,N,45,35,9
Q,N,0,64,9
Q,N,70,41,9
Q,N,62,6,9
Q,N,2,45,9
Q,N,10,50,9
Q,N,71,54,9
Q,N,40,2,9
Q,N,30,52,9
Q,N,31,4,9
Q,N,1,2,9
Q,N,77,11,9
Q,N,2,52,9
Q,N,53,16,9
Q,N,22,31,9
Q,N,60,22,9
Q,N,7,23,9
Q,N,14,77,9
Q,N,55,50,9
Q,N,26,0,9
Q,N,52,26,9
Q,N,62,31,9
Q,N,56,72,9
Q,N,54,32,9
Q,N,75,20,9
Q,N,0,2,9
Q,N,23,51,9
Q,N,23,61,9
Q,N,73,32,9
Q,N,0,32,9
Q,N,12,53,9
Q,N,61,42,9
Q,N,64,4,9
Q,N,54,43,9
Q,N,34,56,9
Q,N,0,51,9
Q,N,65,35,9
Q,N,52,70,9
Q,N,51,70,9
Q,N,15,57,9
Q,N,14,10,9
Q,N,6,65,9
Q,N,34,52,9
Q,N,35,16,9
Q,N,2,62,9
Q,N,17,66,9
Q,N,62,23,9
Q,N,34,65,9
Q,N,41,24,9
Q,N,64,33,9
Q,N,55,27,9
Q,N,4,1,9
Q,N,66,17,9
Q,N,36,52,9
Q,N,71,40,9
Q,N,66,13,9
Q,N,0,33,9
Q,N,30,64,9
Q,N,1,11,9
Q,N,57,75,9
Q,N,54,20,9
Q,N,51,16,9
Q,N,41,14,9
Q,N,13,57,9
Q,N,11,2,9
Q,N,64,23,9
Q,N,57,50,9
Q,N,32,62,9
Q,N,35,71,9
Q,N,70,35,9
Q,N,77,35,9
Q,N,2,12,9
Q,N,75,27,9
Q,N,15,76,9
Q,N,67,0,9
Q,N,16,76,9
Q,N,41,66,9
Q,N,45,77,9
Q,N,42,52,9
Q,N,61,33,9
Q,N,42,22,9
Q,N,64,2,9
Q,N,15,56,9
Q,N,53,64,9
Q,N,22,41,9
Q,N,43,14,9
Q,N,64,65,9
Q,N,37,74,9
Q,N,36,10,9
Q,N,47,25,9
Q,N,53,15,9
Q,N,7,27,9
Q,N,7,53,9
Q,N,16,71,9
Q,N,16,45,9
Q,N,52,20,9
Q,N,70,60,9
Q,N,77,16,9
Q,N,72,51,9
Q,N,70,73,9
Q,N,46,4,9
Q,N,3,64,9
Q,N,74,6,9
Q,N,30,66,9
Q,N,3,7,9
Q,N,72,31,9
Q,N,22,26,9
Q,N,6,40,9
Q,N,1,20,9
Q,N,62,44,9
Q,N,73,70,9
Q,N,4,23,9
Q,N,22,3,9
Q,N,70,27,9
Q,N,17,71,9
Q,N,76,25,9
Q,N,3,2,9
Q,N,26,54,9
Q,N,6,72,9
Q,N,24,15,9
Q,N,11,47,9
Q,N,45,23,9
Q,N,66,20,9
Q,N,3,61,9
Q,N,57,16,9
Q,N,17,7,9
Q,N,4,51,9
Q,N,57,14,9
Q,N,46,2,9
Q,N,31,71,9
Q,N,22,70,9
Q,N,71,51,9
Q,N,47,43,9
Q,N,44,33,9
Q,N,76,36,9
Q,N,44,76,9
Q,N,3,55,9
Q,N,75,51,9
Q,N,33,1,9
Q,N,74,32,9
Q,N,71,41,9
Q,N,11,63,9
Q,N,46,72,9
Q,N,13,45,9
Q,N,70,51,9
Q,N,15,65,9
Q,N,10,40,9
Q,N,32,72,9
Q,N,11,73,9
Q,N,47,62,9
Q,N,43,12,9
Q,N,17,43,9
Q,N,76,73,9
Q,N,73,23,9
Q,N,50,53,9
Q,N,44,10,9
Q,N,7,43,9
Q,N,22,72,9
Q,N,36,71,9
Q,N,71,17,9
Q,N,16,73,9
Q,N,32,30,9
Q,N,22,27,9
Q,N,27,54,9
Q,N,33,50,9
Q,N,21,73,9
Q,N,4,32,9
Q,N,12,17,9
Q,N,71,62,9
Q,N,22,61,9
Q,N,11,31,9
Q,N,34,5,9
Q,N,30,0,9
Q,N,26,57,9
Q,N,35,76,9
Q,N,22,21,9
Q,N,54,51,9
Q,N,17,77,9
Q,N,5,7,9
Q,N,6,25,9
Q,N,35,31,9
Q,N,5,57,9
Q,N,27,24,9
Q,N,56,12,9
Q,N,56,17,9
Q,N,32,10,9
Q,N,73,40,9
Q,N,46,67,9
Q,N,14,72,9
Q,N,44,5,9
Q,N,60,35,9
Q,N,25,0,9
Q,N,25,3,9
Q,N,17,56,9
Q,N,2,44,9
Q,N,60,32,9
Q,N,13,12,9
Q,N,3,41,9
Q,N,76,10,9
Q,N,63,66,9
Q,N,77,22,9
Q,N,30,41,9
Q,N,52,0,9
Q,N,10,42,9
Q,N,70,45,9
Q,N,40,66,9
Q,N,25,77,9
Q,N,30,71,9
Q,N,21,41,9
Q,N,2,24,9
Q,N,36,7,9
Q,N,7,41,9
Q,N,17,15,9
Q,N,67,66,9
Q,N,5,63,9
Q,N,44,41,9
Q,N,20,2,9
Q,N,24,2,9
Q,N,1,35,9
Q,N,77,30,9
Q,N,2,50,9
Q,N,37,2,9
Q,N,1,44,9
Q,N,50,76,9
Q,N,15,50,9
Q,N,35,70,9
Q,N,70,52,9
Q,N,61,64,9
Q,N,60,61,9
Q,N,41,12,9
Q,N,77,24,9
Q,N,51,11,9
Q,N,44,60,9
Q,N,55,12,9
Q,N,35,33,9
Q,N,13,37,9
Q,N,20,21,9
Q,N,66,16,9
Q,N,71,0,9
Q,N,15,53,9
Q,N,41,6,9
Q,N,7,22,9
Q,N,1,57,9
Q,N,50,2,9
Q,N,44,66,9
Q,N,60,64,9
Q,N,26,53,9
Q,N,47,6,9
Q,N,76,56,9
Q,N,23,74,9
Q,N,35,52,9
Q,N,55,1,9
Q,N,51,37,9
Q,N,5,62,9
Q,N,73,11,9
Q,N,15,37,9
Q,N,73,10,9
Q,N,30,7,9
Q,N,13,44,9
Q,N,47,15,9
Q,N,36,27,9
Q,N,15,12,9
Q,N,55,7,9
Q,N,3,23,9
Q,N,72,61,9
Q,N,76,26,9
Q,N,47,2,9
Q,N,73,7,9
Q,N,41,0,9
Q,N,63,72,9
Q,N,2,60,9
Q,N,0,3,9
Q,N,46,14,9
Q,N,53,52,9
Q,N,3,21,9
Q,N,22,7,9
Q,N,54,76,9
Q,N,13,67,9
Q,N,6,23,9
Q,N,35,62,9
Q,N,20,3,9
Q,N,56,30,9
Q,N,10,30,9
Q,N,66,24,9
Q,N,13,75,9
Q,N,17,14,9
Q,N,0,6,9
Q,N,4,24,9
Q,N,66,0,9
Q,N,61,13,9
Q,N,42,40,9
Q,N,0,34,9
Q,N,65,12,9
Q,N,5,36,9
Q,N,32,7,9
Q,N,27,22,9
Q,N,56,65,9
Q,N,54,6,9
Q,N,67,34,9
Q,N,41,7,9
Q,N,57,70,9
Q,N,30,51,9
Q,N,6,33,9
Q,N,33,61,9
Q,N,32,13,9
Q,N,5,74,9
Q,N,41,5,9
Q,N,37,30,9
Q,N,31,60,9
Q,N,0,24,9
Q,N,6,61,9
Q,N,47,72,9
Q,N,17,63,9
Q,N,12,33,9
Q,N,72,30,9
Q,N,63,11,9
Q,N,32,50,9
Q,N,76,27,9
Q,N,65,56,9
Q,N,46,12,9
Q,N,5,35,9
Q,N,20,75,9
Q,N,4,36,9
Q,N,71,20,9
Q,N,16,31,9
Q,N,42,5,9
Q,N,43,67,9
Q,N,74,37,9
Q,N,1,77,9
Q,N,67,64,9
Q,N,21,45,9
Q,N,77,75,9
Q,N,64,14,9
Q,N,53,12,9
Q,N,63,61,9
Q,N,64,42,9
Q,N,77,76,9
Q,N,47,23,9
Q,N,40,46,9
Q,N,21,11,9
Q,N,14,74,9
Q,N,14,35,9
Q,N,12,77,9
Q,N,21,0,9
Q,N,6,62,9
Q,N,22,54,9
Q,N,6,56,9
Q,N,33,64,9
Q,N,36,2,9
Q,N,46,40,9
Q,N,77,14,9
Q,N,61,11,9
Q,N,60,7,9
Q,N,3,13,9
Q,N,15,66,9
Q,N,33,2,9
Q,N,20,46,9
Q,N,51,36,9
Q,N,51,54,9
Q,N,5,70,9
Q,N,26,67,9
Q,N,43,16,9
Q,N,24,4,9
Q,N,56,0,9
Q,N,27,64,9
Q,N,4,73,9
Q,N,23,42,9
Q,N,47,41,9
Q,N,64,27,9
Q,N,71,22,9
Q,N,66,11,9
Q,N,77,1,9
Q,N,4,13,9
Q,N,22,53,9
Q,N,33,37,9
Q,N,45,74,9
Q,N,20,44,9
Q,N,13,15,9
Q,N,13,11,9
Q,N,41,64,9
Q,N,11,70,9
Q,N,51,62,9
Q,N,36,34,9
Q,N,34,51,9
Q,N,7,44,9
Q,N,1,5,9
Q,N,21,40,9
Q,N,0,74,9
Q,N,54,10,9
Q,N,1,36,9
Q,N,34,54,9
Q,N,4,31,9
Q,N,24,47,9
Q,N,15,62,9
Q,N,57,67,9
Q,N,71,74,9
Q,N,12,52,9
Q,N,33,14,9
Q,N,15,72,9
Q,N,22,33,9
Q,N,1,56,9
Q,N,33,52,9
Q,N,40,43,9
Q,N,14,55,9
Q,N,17,70,9
Q,N,56,74,9
Q,N,75,54,9
Q,N,76,20,9
Q,N,23,4,9
Q,N,31,12,9
Q,N,31,20,9
Q,N,71,56,9
Q,N,4,72,9
Q,N,67,20,9
Q,N,35,0,9
Q,N,73,76,9
Q,N,61,20,9
Q,N,56,75,9
Q,N,54,4,9
Q,N,67,24,9
Q,N,1,61,9
Q,N,13,23,9
Q,N,36,73,9
Q,N,63,64,9
Q,N,35,36,9
Q,N,43,42,9
Q,N,31,52,9
Q,N,75,36,9
Q,N,20,30,9
Q,N,0,40,9
Q,N,3,40,9
Q,N,40,13,9
Q,N,35,4,9
Q,N,26,66,9
Q,N,64,1,9
Q,N,41,67,9
Q,N,13,60,9
Q,N,7,66,9
Q,N,24,60,9
Q,N,63,42,9
Q,N,70,21,9
Q,N,67,43,9
Q,N,15,43,9
Q,N,37,64,9
Q,N,6,2,9
Q,N,14,36,9
Q,N,26,73,9
Q,N,57,11,9
Q,N,70,44,9
Q,N,73,54,9
Q,N,44,35,9
Q,N,4,50,9
Q,N,57,36,9
Q,N,73,52,9
Q,N,72,27,9
Q,N,33,7,9
Q,N,13,47,9
Q,N,62,35,9
Q,N,42,7,9
Q,N,22,55,9
Q,N,4,60,9
Q,N,76,15,9
Q,N,74,11,9
Q,N,77,47,9
Q,N,50,57,9
Q,N,11,76,9
Q,N,45,1,9
Q,N,42,2,9
Q,N,15,24,9
Q,N,6,60,9
Q,N,5,65,9
Q,N,43,2,9
Q,N,14,3,9
Q,N,60,47,9
Q,N,46,37,9
Q,N,72,0,9
Q,N,26,35,9
Q,N,11,56,9
Q,N,14,65,9
Q,N,22,71,9
Q,N,63,25,9
Q,N,10,1,9
Q,N,61,24,9
Q,N,24,42,9
Q,N,5,24,9
Q,N,11,67,9
Q,N,51,33,9
Q,N,76,40,9
Q,N,25,60,9
Q,N,7,17,9
Q,N,14,24,9
Q,N,11,13,9
Q,N,64,40,9
Q,N,20,64,9
Q,N,50,25,9
Q,N,77,4,9
Q,N,31,67,9
Q,N,72,11,9
Q,N,33,74,9
Q,N,25,52,9
Q,N,6,27,9
Q,N,70,40,9
Q,N,56,1,9
Q,N,43,22,9
Q,N,62,43,9
Q,N,74,3,9
Q,N,43,70,9
Q,N,72,17,9
Q,N,66,65,9
Q,N,60,2,9
Q,N,71,36,9
Q,N,27,41,9
Q,N,63,37,9
