A,B,10,53,3
A,B,76,43,3
A,B,34,74,3
A,B,55,1,3
A,B,55,64,3
A,B,11,62,3
A,B,64,36,3
A,B,66,32,3
A,B,4,45,3
A,B,76,12,3
A,B,37,12,3
A,B,54,15,3
A,B,72,63,3
A,B,75,27,3
A,B,3,52,3
A,B,41,13,3
A,B,76,23,3
A,B,11,74,3
A,B,72,37,3
A,B,72,15,3
A,B,41,61,3
A,B,4,44,3
A,B,4,57,3
A,B,65,25,3
A,B,64,2,3
A,B,57,3,3
A,B,76,3,3
A,B,27,44,3
A,B,14,63,3
A,B,42,4,3
A,B,43,27,3
A,B,56,34,3
A,B,44,22,3
A,B,27,5,3
A,B,47,65,3
A,B,55,25,3
A,B,5,24,3
A,B,13,57,3
A,B,64,1,3
A,B,5,22,3
A,B,47,26,3
A,B,21,3,3
A,B,10,52,3
A,B,63,20,3
A,B,51,32,3
A,B,20,56,3
A,B,53,64,3
A,B,67,41,3
A,B,15,64,3
A,B,31,40,3
A,B,52,37,3
A,B,41,66,3
A,B,36,2,3
A,B,44,13,3
A,B,22,0,3
A,B,37,15,3
A,B,76,6,3
A,B,15,41,3
A,B,73,33,3
A,B,54,16,3
A,B,25,72,3
A,B,76,50,3
A,B,77,53,3
A,B,10,1,3
A,B,2,75,3
A,B,42,27,3
A,B,30,61,3
A,B,53,70,3
A,B,62,30,3
A,B,47,27,3
A,B,64,31,3
A,B,20,50,3
A,B,73,16,3
A,B,10,64,3
A,B,54,11,3
A,B,70,51,3
A,B,10,62,3
A,B,64,55,3
A,B,72,11,3
A,B,51,25,3
A,B,4,56,3
A,B,1,10,3
A,B,3,22,3
A,B,63,54,3
A,B,32,61,3
A,B,51,6,3
A,B,56,35,3
A,B,52,13,3
A,B,1,77,3
A,B,73,55,3
A,B,42,10,3
A,B,76,14,3
A,B,31,2,3
A,B,42,73,3
A,B,57,75,3
A,B,17,61,3
A,B,1,23,3
A,B,77,43,3
A,B,26,77,3
A,B,13,46,3
A,B,56,71,3
A,B,52,6,3
A,B,73,56,3
A,B,27,40,3
A,B,76,45,3
A,B,43,21,3
A,B,7,51,3
A,B,2,20,3
A,B,46,77,3
A,B,66,13,3
A,B,56,37,3
A,B,42,62,3
A,B,75,21,3
A,B,26,76,3
A,B,11,44,3
A,B,76,47,3
A,B,54,12,3
A,B,30,4,3
A,B,42,21,3
A,B,11,56,3
A,B,66,10,3
A,B,71,24,3
A,B,11,60,3
A,B,50,0,3
A,B,4,61,3
A,B,72,51,3
A,B,10,35,3
A,B,74,10,3
A,B,65,32,3
A,B,33,64,3
A,B,70,27,3
A,B,0,51,3
A,B,27,66,3
A,B,56,4,3
A,B,25,73,3
A,B,60,37,3
A,B,70,34,3
A,B,45,74,3
A,B,30,17,3
A,B,2,71,3
A,B,75,40,3
A,B,77,1,3
A,B,7,36,3
A,B,43,32,3
A,B,64,25,3
A,B,47,74,3
A,B,36,65,3
A,B,41,52,3
A,B,76,30,3
A,B,24,15,3
A,B,64,30,3
A,B,26,35,3
A,B,62,25,3
A,B,23,5,3
A,B,13,63,3
A,B,1,34,3
A,B,3,27,3
A,B,77,21,3
A,B,62,22,3
A,B,20,66,3
A,B,23,77,3
A,B,55,34,3
A,B,24,52,3
A,B,32,14,3
A,B,17,63,3
A,B,56,15,3
A,B,65,10,3
A,B,12,40,3
A,B,31,65,3
A,B,30,67,3
A,B,16,72,3
A,B,62,27,3
A,B,44,24,3
A,B,71,1,3
A,B,47,73,3
A,B,54,36,3
A,B,72,10,3
A,B,10,33,3
A,B,47,36,3
A,B,72,41,3
A,B,14,62,3
A,B,40,73,3
A,B,66,26,3
A,B,42,22,3
A,B,4,72,3
A,B,76,16,3
A,B,3,75,3
A,B,72,33,3
A,B,11,66,3
A,B,14,41,3
A,B,62,73,3
A,B,73,30,3
A,B,2,47,3
A,B,35,77,3
A,B,37,77,3
A,B,27,1,3
A,B,11,43,3
A,B,53,22,3
A,B,3,33,3
A,B,6,37,3
A,B,50,12,3
A,B,66,35,3
A,B,55,16,3
A,B,51,22,3
A,B,74,7,3
A,B,5,53,3
A,B,42,53,3
A,B,32,17,3
A,B,72,2,3
A,B,14,74,3
A,B,51,11,3
A,B,60,46,3
A,B,0,35,3
A,B,51,36,3
A,B,63,40,3
A,B,0,61,3
A,B,17,30,3
A,B,7,22,3
A,B,32,16,3
A,B,76,1,3
A,B,53,37,3
A,B,2,72,3
A,B,15,33,3
A,B,64,3,3
A,B,74,37,3
A,B,21,63,3
A,B,3,53,3
A,B,53,11,3
A,B,63,25,3
A,B,75,53,3
A,B,76,33,3
A,B,50,13,3
A,B,20,73,3
A,B,12,74,3
A,B,71,22,3
A,B,73,27,3
A,B,72,54,3
A,B,55,71,3
A,B,2,23,3
A,B,62,17,3
A,B,61,32,3
A,B,46,70,3
A,B,77,20,3
A,B,77,44,3
A,B,33,62,3
A,B,50,33,3
A,B,10,34,3
A,B,30,76,3
A,B,15,54,3
A,B,47,72,3
A,B,73,23,3
A,B,21,2,3
A,B,43,34,3
A,B,57,76,3
A,B,26,44,3
A,B,1,31,3
A,B,34,25,3
A,B,74,17,3
A,B,45,62,3
A,B,33,1,3
A,B,12,51,3
A,B,45,54,3
A,B,63,31,3
A,B,61,35,3
A,B,2,62,3
A,B,52,24,3
A,B,17,57,3
A,B,44,2,3
A,B,50,6,3
A,B,77,50,3
A,B,7,46,3
A,B,65,2,3
A,B,46,5,3
A,B,67,20,3
A,B,31,72,3
A,B,55,74,3
A,B,47,15,3
A,B,33,10,3
A,B,40,27,3
A,B,36,64,3
A,B,26,62,3
A,B,63,16,3
A,B,27,54,3
A,B,41,22,3
A,B,5,45,3
A,B,25,75,3
A,B,44,55,3
A,B,11,37,3
A,B,56,13,3
A,B,74,21,3
A,B,3,43,3
A,B,6,42,3
A,B,47,60,3
A,B,5,64,3
A,B,7,75,3
A,B,56,73,3
A,B,77,14,3
A,B,6,15,3
A,B,33,51,3
A,B,66,34,3
A,B,71,26,3
A,B,40,67,3
A,B,44,15,3
A,B,14,66,3
A,B,75,26,3
A,B,25,16,3
A,B,76,67,3
A,B,53,21,3
A,B,30,77,3
A,B,17,62,3
A,B,42,31,3
A,B,61,22,3
A,B,37,62,3
A,B,25,66,3
A,B,30,50,3
A,B,23,3,3
A,B,7,35,3
A,B,6,70,3
A,B,11,55,3
A,B,71,33,3
A,B,4,74,3
A,B,12,21,3
A,B,40,70,3
A,B,42,60,3
A,B,0,23,3
A,B,16,34,3
A,B,67,46,3
A,B,21,52,3
A,B,60,10,3
A,B,33,12,3
A,B,27,74,3
A,B,41,50,3
A,B,75,52,3
A,B,0,53,3
A,B,13,41,3
A,B,14,76,3
A,B,14,36,3
A,B,41,72,3
A,B,46,75,3
A,B,24,74,3
A,B,65,47,3
A,B,65,43,3
A,B,64,47,3
A,B,43,60,3
A,B,24,47,3
A,B,47,64,3
A,B,2,43,3
A,B,52,0,3
A,B,76,57,3
A,B,0,22,3
A,B,46,74,3
A,B,61,50,3
A,B,53,7,3
A,B,76,20,3
A,B,30,15,3
A,B,42,33,3
A,B,17,60,3
A,B,30,57,3
A,B,30,7,3
A,B,26,64,3
A,B,74,25,3
A,B,73,1,3
A,B,25,52,3
A,B,43,26,3
A,B,2,64,3
A,B,2,27,3
A,B,21,0,3
A,B,72,52,3
A,B,70,31,3
A,B,22,47,3
A,B,20,44,3
A,B,42,61,3
A,B,17,34,3
A,B,2,57,3
A,B,66,20,3
A,B,74,34,3
A,B,24,77,3
A,B,70,16,3
A,B,67,27,3
A,B,75,31,3
A,B,65,4,3
A,B,63,46,3
A,B,70,25,3
A,B,6,22,3
A,B,17,35,3
A,B,33,75,3
A,B,26,55,3
A,B,23,60,3
A,B,71,42,3
A,B,20,41,3
A,B,52,31,3
A,B,24,60,3
A,B,0,77,3
A,B,70,35,3
A,B,46,22,3
A,B,62,51,3
A,B,46,10,3
A,B,32,57,3
A,B,13,42,3
A,B,6,74,3
A,B,44,12,3
A,B,54,45,3
A,B,46,76,3
A,B,52,35,3
A,B,71,2,3
A,B,54,35,3
A,B,13,45,3
A,B,74,53,3
A,B,71,12,3
A,B,60,25,3
A,B,34,3,3
A,B,6,35,3
A,B,15,46,3
A,B,75,5,3
A,B,53,15,3
A,B,56,22,3
A,B,71,53,3
A,B,37,6,3
A,B,4,27,3
A,B,31,77,3
A,B,56,2,3
A,B,15,37,3
A,B,4,32,3
A,B,20,72,3
A,B,60,21,3
A,B,22,3,3
A,B,44,25,3
A,B,31,67,3
A,B,74,15,3
A,B,65,34,3
A,B,43,72,3
A,B,76,31,3
A,B,63,7,3
A,B,40,74,3
A,B,60,35,3
A,B,40,12,3
A,B,65,5,3
A,B,14,35,3
A,B,75,34,3
A,B,40,71,3
A,B,63,4,3
A,B,54,37,3
A,B,30,5,3
A,B,20,0,3
A,B,41,60,3
A,B,73,64,3
A,B,70,52,3
A,B,22,31,3
A,B,66,33,3
A,B,1,43,3
A,B,55,36,3
A,B,26,74,3
A,B,61,0,3
A,B,57,31,3
A,B,70,61,3
A,B,62,40,3
A,B,13,76,3
A,B,6,56,3
A,B,36,11,3
A,B,36,57,3
A,B,65,12,3
A,B,3,40,3
A,B,53,3,3
A,B,5,60,3
A,B,76,7,3
A,B,14,56,3
A,B,43,5,3
A,B,44,64,3
A,B,61,21,3
A,B,74,0,3
A,B,25,62,3
A,B,36,77,3
A,B,13,61,3
A,B,56,33,3
A,B,12,67,3
A,B,74,13,3
A,B,5,73,3
A,B,63,5,3
A,B,75,37,3
A,B,56,12,3
A,B,37,63,3
A,B,25,76,3
A,B,4,51,3
A,B,24,64,3
A,B,1,66,3
A,B,60,14,3
A,B,35,44,3
A,B,60,7,3
A,B,4,20,3
A,B,50,20,3
A,B,76,52,3
A,B,72,40,3
A,B,77,10,3
A,B,6,36,3
A,B,11,36,3
A,B,63,30,3
A,B,37,73,3
A,B,56,1,3
A,B,56,74,3
A,B,62,24,3
A,B,12,50,3
A,B,10,73,3
A,B,35,50,3
A,B,44,33,3
A,B,32,13,3
A,B,55,46,3
A,B,43,76,3
A,B,7,33,3
A,B,63,22,3
A,B,21,61,3
A,B,61,1,3
A,B,35,60,3
A,B,37,50,3
A,B,26,65,3
A,B,35,72,3
A,B,61,4,3
A,B,5,50,3
A,B,15,66,3
A,B,45,26,3
A,B,73,50,3
A,B,37,14,3
A,B,6,20,3
A,B,2,50,3
A,B,35,7,3
A,B,31,71,3
A,B,2,77,3
A,B,27,61,3
A,B,41,62,3
A,B,17,67,3
A,B,71,4,3
A,B,23,0,3
A,B,53,35,3
A,B,43,20,3
A,B,33,50,3
A,B,25,42,3
A,B,57,0,3
A,B,41,2,3
A,B,53,5,3
A,B,65,54,3
A,B,47,14,3
A,B,11,0,3
A,B,14,65,3
A,B,53,62,3
A,B,0,26,3
A,B,6,41,3
A,B,5,66,3
A,B,0,50,3
A,B,64,46,3
A,B,54,17,3
A,B,27,43,3
A,B,5,23,3
A,B,27,67,3
A,B,63,15,3
A,B,50,5,3
A,B,65,36,3
A,B,23,72,3
A,B,36,52,3
A,B,50,37,3
A,B,15,62,3
A,B,25,1,3
A,B,31,73,3
A,B,71,7,3
A,B,23,61,3
A,B,60,16,3
A,B,24,54,3
A,B,42,6,3
A,B,53,4,3
A,B,65,26,3
A,B,3,56,3
A,B,21,73,3
A,B,35,67,3
A,B,51,37,3
A,B,70,57,3
A,B,31,10,3
A,B,54,32,3
A,B,20,67,3
A,B,71,10,3
A,B,55,11,3
A,B,51,20,3
A,B,74,40,3
A,B,5,63,3
A,B,27,42,3
A,B,45,16,3
A,B,20,4,3
A,B,15,63,3
A,B,75,66,3
A,B,65,15,3
A,B,31,64,3
A,B,24,63,3
A,B,34,71,3
A,B,50,61,3
A,B,45,76,3
A,B,32,66,3
A,B,64,6,3
A,B,46,26,3
A,B,75,1,3
A,B,32,50,3
A,B,54,77,3
A,B,46,20,3
A,B,4,25,3
A,B,7,53,3
A,B,21,56,3
A,B,6,46,3
A,B,76,25,3
A,B,50,2,3
A,B,73,11,3
A,B,37,74,3
A,B,2,24,3
A,B,24,44,3
A,B,51,42,3
A,B,34,5,3
A,B,74,36,3
A,B,77,37,3
A,B,22,13,3
A,B,47,7,3
A,B,36,6,3
A,B,73,37,3
A,B,67,24,3
A,B,35,1,3
A,B,31,5,3
A,B,71,56,3
A,B,0,55,3
A,B,77,51,3
A,B,27,6,3
A,B,41,74,3
A,B,53,72,3
A,B,70,55,3
A,B,0,36,3
A,B,6,23,3
A,B,21,65,3
A,B,1,73,3
A,B,51,23,3
A,B,1,42,3
A,B,3,30,3
A,B,70,24,3
A,B,23,6,3
A,B,65,24,3
A,B,34,15,3
A,B,72,27,3
A,B,10,47,3
A,B,7,77,3
A,B,0,67,3
A,B,31,0,3
A,B,57,77,3
A,B,76,55,3
A,B,50,11,3
A,B,74,52,3
A,B,46,35,3
A,B,37,71,3
A,B,17,46,3
A,B,77,26,3
A,B,72,21,3
A,B,62,6,3
A,B,66,16,3
A,B,10,67,3
A,B,10,36,3
A,B,17,42,3
A,B,61,31,3
A,B,73,0,3
A,B,42,3,3
A,B,25,74,3
A,B,71,23,3
A,B,70,12,3
A,B,76,42,3
A,B,76,21,3
A,B,75,6,3
A,B,16,35,3
A,B,10,30,3
A,B,17,76,3
A,B,45,13,3
A,B,54,22,3
A,B,60,22,3
A,B,66,27,3
A,B,52,72,3
A,B,3,67,3
A,B,36,76,3
A,B,1,30,3
A,B,57,7,3
A,B,12,55,3
A,B,45,3,3
A,B,31,15,3
A,B,67,2,3
A,B,51,14,3
A,B,55,20,3
A,B,16,66,3
A,B,1,44,3
A,B,47,62,3
A,B,26,72,3
A,B,65,13,3
A,B,66,15,3
A,B,41,6,3
A,B,11,45,3
A,B,5,76,3
A,B,1,37,3
A,B,53,77,3
A,B,61,36,3
A,B,1,55,3
A,B,6,75,3
A,B,55,14,3
A,B,17,6,3
A,B,30,10,3
A,B,22,71,3
A,B,1,52,3
A,B,13,72,3
A,B,31,11,3
A,B,13,66,3
A,B,22,63,3
A,B,63,36,3
A,B,40,17,3
A,B,52,2,3
A,B,74,12,3
A,B,52,33,3
A,B,20,7,3
A,B,14,53,3
A,B,70,40,3
A,B,20,31,3
A,B,40,26,3
A,B,44,3,3
A,B,0,76,3
A,B,43,25,3
A,B,5,65,3
A,B,11,64,3
A,B,30,41,3
A,B,26,45,3
A,B,15,4,3
A,B,6,57,3
A,B,74,30,3
A,B,50,35,3
A,B,61,40,3
A,B,3,72,3
A,B,14,3,3
A,B,54,1,3
A,B,15,26,3
A,B,45,21,3
A,B,0,21,3
A,B,46,57,3
A,B,47,6,3
A,B,61,15,3
A,B,26,6,3
A,B,73,51,3
A,B,35,57,3
A,B,54,72,3
A,B,50,24,3
A,B,56,24,3
A,B,61,41,3
A,B,24,50,3
A,B,31,20,3
A,B,1,24,3
A,B,45,61,3
A,B,44,23,3
A,B,3,60,3
A,B,51,33,3
A,B,13,24,3
A,B,0,66,3
A,B,12,61,3
A,B,7,21,3
A,B,17,65,3
A,B,42,24,3
A,B,40,4,3
A,B,67,4,3
A,B,75,12,3
A,B,10,74,3
A,B,3,26,3
A,B,11,67,3
A,B,43,3,3
A,B,5,14,3
A,B,21,72,3
A,B,54,76,3
A,B,13,50,3
A,B,72,61,3
A,B,74,1,3
A,B,70,14,3
A,B,27,3,3
A,B,71,25,3
A,B,57,36,3
A,B,35,65,3
A,B,13,31,3
A,B,50,14,3
A,B,66,37,3
A,B,50,32,3
A,B,77,31,3
A,B,72,46,3
A,B,36,56,3
A,B,35,62,3
A,B,6,62,3
A,B,12,23,3
A,B,12,56,3
A,B,45,14,3
A,B,75,32,3
A,B,22,61,3
A,B,75,43,3
A,B,77,32,3
A,B,2,11,3
A,B,70,32,3
A,B,15,30,3
A,B,33,71,3
A,B,26,56,3
A,B,6,40,3
A,B,11,52,3
A,B,67,6,3
A,B,30,63,3
A,B,3,71,3
A,B,16,56,3
A,B,45,6,3
A,B,5,57,3
A,B,35,4,3
A,B,20,70,3
A,B,65,21,3
A,B,70,1,3
A,B,6,31,3
A,B,24,7,3
A,B,51,75,3
A,B,66,36,3
A,B,2,13,3
A,B,0,31,3
A,B,0,32,3
A,B,17,37,3
A,B,77,52,3
A,B,45,71,3
A,B,14,31,3
A,B,32,54,3
A,B,65,42,3
A,B,75,7,3
A,B,67,7,3
A,B,45,56,3
A,B,75,24,3
A,B,14,34,3
A,B,42,5,3
A,B,43,62,3
A,B,14,40,3
A,B,60,41,3
A,B,16,37,3
A,B,35,5,3
A,B,26,70,3
A,B,62,42,3
A,B,73,32,3
A,B,36,7,3
A,B,6,50,3
A,B,30,65,3
A,B,33,52,3
A,B,37,26,3
A,B,70,21,3
A,B,44,74,3
A,B,1,20,3
A,B,11,34,3
A,B,25,63,3
A,B,57,34,3
A,B,33,22,3
A,B,53,13,3
A,B,17,47,3
A,B,24,33,3
A,B,72,3,3
A,B,52,23,3
A,B,26,37,3
A,B,73,45,3
A,B,27,16,3
A,B,42,72,3
A,B,17,75,3
A,B,10,31,3
A,B,24,4,3
A,B,20,51,3
A,B,61,27,3
A,B,70,41,3
A,B,67,35,3
A,B,57,26,3
A,B,44,71,3
A,B,52,15,3
A,B,32,15,3
A,B,70,10,3
A,B,7,57,3
A,B,72,53,3
A,B,52,4,3
A,B,62,45,3
A,B,47,22,3
A,B,37,56,3
A,B,5,54,3
A,B,65,16,3
A,B,37,7,3
A,B,14,52,3
A,B,57,70,3
A,B,72,47,3
A,B,21,71,3
A,B,73,44,3
A,B,11,54,3
A,B,75,25,3
A,B,75,3,3
A,B,63,17,3
A,B,40,10,3
A,B,65,20,3
A,B,12,77,3
A,B,0,70,3
A,B,57,10,3
A,B,66,24,3
A,B,44,4,3
A,B,24,71,3
A,B,41,25,3
A,B,0,46,3
A,B,61,14,3
A,B,45,67,3
A,B,53,0,3
A,B,5,34,3
A,B,34,77,3
A,B,50,70,3
A,B,61,10,3
A,B,47,71,3
A,B,43,70,3
A,B,74,42,3
A,B,22,74,3
A,B,51,24,3
A,B,40,23,3
A,B,51,2,3
A,B,15,71,3
A,B,25,2,3
A,B,26,1,3
A,B,54,4,3
A,B,47,63,3
A,B,72,6,3
A,B,24,62,3
A,B,76,51,3
A,B,74,2,3
A,B,65,1,3
A,B,4,75,3
A,B,33,17,3
A,B,75,42,3
A,B,71,31,3
A,B,34,52,3
A,B,37,52,3
A,B,13,67,3
A,B,1,40,3
A,B,34,53,3
A,B,42,23,3
A,B,27,73,3
A,B,45,17,3
A,B,74,56,3
A,B,50,22,3
A,B,73,57,3
A,B,55,6,3
A,B,45,36,3
A,B,17,54,3
A,B,44,17,3
A,B,77,23,3
A,B,56,32,3
A,B,22,52,3
A,B,23,56,3
A,B,55,32,3
A,B,41,64,3
A,B,56,65,3
A,B,57,25,3
A,B,27,64,3
A,B,57,15,3
A,B,62,0,3
A,B,14,32,3
A,B,64,10,3
A,B,55,15,3
A,B,42,74,3
A,B,67,25,3
A,B,77,4,3
A,B,51,34,3
A,B,76,41,3
A,B,60,11,3
A,B,25,34,3
A,B,56,27,3
A,B,21,57,3
A,B,20,3,3
A,B,15,65,3
A,B,31,52,3
A,B,30,75,3
A,B,55,7,3
A,B,63,72,3
A,B,73,25,3
A,B,36,61,3
A,B,23,32,3
A,B,43,71,3
A,B,11,71,3
A,B,30,62,3
A,B,16,64,3
A,B,31,63,3
A,B,60,3,3
A,B,20,2,3
A,B,50,10,3
A,B,23,74,3
A,B,77,6,3
A,B,66,43,3
A,B,75,57,3
A,B,77,41,3
A,B,26,47,3
A,B,27,76,3
A,B,62,5,3
A,B,0,60,3
A,B,60,45,3
A,B,22,42,3
A,B,1,54,3
A,B,77,2,3
A,B,54,74,3
A,B,24,57,3
A,B,30,70,3
A,B,13,64,3
A,B,16,25,3
A,B,14,37,3
A,B,2,55,3
A,B,6,33,3
A,B,2,34,3
A,B,27,51,3
A,B,22,7,3
A,B,46,7,3
A,B,54,20,3
A,B,72,5,3
A,B,36,0,3
A,B,25,45,3
A,B,54,75,3
A,B,57,71,3
A,B,71,13,3
A,B,34,50,3
A,B,37,46,3
A,B,35,63,3
A,B,36,72,3
A,B,71,5,3
A,B,51,30,3
A,B,62,32,3
A,B,33,66,3
A,B,25,40,3
A,B,5,33,3
A,B,21,74,3
A,B,17,56,3
A,B,16,60,3
A,B,27,75,3
A,B,10,54,3
A,B,5,56,3
A,B,37,76,3
A,B,34,73,3
A,B,10,40,3
A,B,26,2,3
A,B,2,76,3
A,B,42,51,3
A,B,0,56,3
A,B,63,27,3
A,B,5,37,3
A,B,10,71,3
A,B,54,30,3
A,B,6,76,3
A,B,26,7,3
A,B,77,40,3
A,B,43,22,3
A,B,20,63,3
A,B,16,53,3
A,B,61,26,3
A,B,16,65,3
A,B,12,46,3
A,B,4,60,3
A,B,15,73,3
A,B,24,51,3
A,B,73,7,3
A,B,30,0,3
A,B,41,21,3
A,B,2,61,3
A,B,63,2,3
A,B,15,36,3
A,B,37,3,3
A,B,41,23,3
A,B,62,10,3
A,B,16,42,3
A,B,74,63,3
A,B,71,47,3
A,B,51,3,3
A,B,51,13,3
A,B,7,47,3
A,B,35,56,3
A,B,3,34,3
A,B,63,45,3
A,B,42,17,3
A,B,50,36,3
A,B,43,0,3
A,B,65,7,3
A,B,32,55,3
A,B,37,2,3
A,B,22,56,3
A,B,14,60,3
A,B,20,71,3
A,B,20,53,3
A,B,56,77,3
A,B,62,1,3
A,B,33,0,3
A,B,66,3,3
A,B,66,46,3
A,B,0,54,3
A,B,73,53,3
A,B,24,0,3
A,B,65,37,3
A,B,14,51,3
A,B,74,5,3
A,B,36,3,3
A,B,70,0,3
A,B,47,24,3
A,B,56,31,3
A,B,37,1,3
A,B,65,23,3
A,B,71,21,3
A,B,53,36,3
A,B,15,67,3
A,B,36,27,3
A,B,77,27,3
A,B,27,55,3
A,B,43,64,3
A,B,7,70,3
A,B,31,17,3
A,B,1,74,3
A,B,23,46,3
A,B,43,74,3
A,B,41,15,3
A,B,4,66,3
A,B,4,77,3
A,B,56,10,3
A,B,31,6,3
A,B,37,54,3
A,B,62,46,3
A,B,10,60,3
A,B,70,42,3
A,B,23,1,3
A,B,76,32,3
A,B,76,2,3
A,B,67,11,3
A,B,5,25,3
A,B,15,43,3
A,B,12,37,3
A,B,71,0,3
A,B,72,55,3
A,B,13,43,3
A,B,32,53,3
A,B,15,34,3
A,B,36,1,3
A,B,71,41,3
A,B,30,51,3
A,B,5,55,3
A,B,27,71,3
A,B,57,37,3
A,B,77,7,3
A,B,74,46,3
A,B,20,64,3
A,B,2,32,3
A,B,47,23,3
A,B,4,26,3
A,B,40,0,3
A,B,40,2,3
A,B,6,63,3
A,B,3,31,3
A,B,21,32,3
A,B,60,4,3
A,B,17,50,3
A,B,73,10,3
A,B,70,44,3
A,B,44,0,3
A,B,61,45,3
A,B,26,46,3
A,B,61,23,3
A,B,50,23,3
A,B,51,35,3
A,B,12,60,3
A,B,5,71,3
A,B,61,42,3
A,B,54,2,3
A,B,75,51,3
A,B,31,53,3
A,B,35,75,3
A,B,70,22,3
A,B,76,11,3
A,B,72,34,3
A,B,33,70,3
A,B,24,53,3
A,B,67,40,3
A,B,53,76,3
A,B,3,63,3
A,B,41,77,3
A,B,22,41,3
A,B,37,61,3
A,B,43,15,3
A,B,67,16,3
A,B,73,24,3
A,B,22,5,3
A,B,67,21,3
A,B,0,47,3
A,B,77,47,3
A,B,10,75,3
A,B,53,6,3
A,B,17,70,3
A,B,22,65,3
A,B,4,43,3
A,B,62,26,3
A,B,27,36,3
A,B,64,23,3
A,B,32,70,3
A,B,32,23,3
A,B,74,14,3
A,B,5,42,3
A,B,55,12,3
A,B,66,1,3
A,B,56,70,3
A,B,55,72,3
A,B,34,76,3
A,B,13,62,3
A,B,17,77,3
A,B,15,60,3
A,B,6,17,3
A,B,44,16,3
A,B,4,71,3
A,B,37,55,3
A,B,3,44,3
A,B,11,41,3
A,B,76,44,3
A,B,15,52,3
A,B,54,24,3
A,B,22,2,3
A,B,15,75,3
A,B,55,2,3
A,B,1,33,3
A,B,40,77,3
A,B,5,47,3
A,B,53,2,3
A,B,62,53,3
A,B,7,61,3
A,B,72,16,3
A,B,13,52,3
A,B,5,67,3
A,B,74,57,3
A,B,1,21,3
A,B,37,67,3
A,B,16,33,3
A,B,36,47,3
A,B,5,44,3
A,B,17,66,3
A,B,70,37,3
A,B,36,67,3
A,B,5,27,3
A,B,37,13,3
A,B,73,41,3
A,B,41,65,3
A,B,56,25,3
A,B,45,23,3
A,B,60,2,3
A,B,16,74,3
A,B,67,45,3
A,B,67,17,3
A,B,60,5,3
A,B,37,16,3
A,B,61,46,3
A,B,35,11,3
A,B,75,2,3
A,B,30,66,3
A,B,36,74,3
A,B,52,27,3
A,B,70,54,3
A,B,61,13,3
A,B,46,1,3
A,B,34,72,3
A,B,22,55,3
A,B,1,32,3
A,B,12,64,3
A,B,57,30,3
A,B,17,36,3
A,B,3,76,3
A,B,7,41,3
A,B,33,57,3
A,B,36,53,3
A,B,3,74,3
A,B,41,5,3
A,B,36,71,3
A,B,63,3,3
A,B,6,32,3
A,B,35,6,3
A,B,13,4,3
A,B,37,4,3
A,B,2,74,3
A,B,60,24,3
A,B,14,25,3
A,B,77,55,3
A,B,76,26,3
A,B,67,26,3
A,B,12,1,3
A,B,32,11,3
A,B,67,22,3
A,B,62,3,3
A,B,15,72,3
A,B,62,47,3
A,B,50,34,3
A,B,14,33,3
A,B,52,61,3
A,B,62,31,3
A,B,17,32,3
A,B,47,5,3
A,B,66,31,3
A,B,20,77,3
A,B,44,70,3
A,B,24,67,3
A,B,1,25,3
A,B,37,0,3
A,B,4,50,3
A,B,23,2,3
A,B,70,20,3
A,B,6,43,3
A,B,55,37,3
A,B,3,54,3
A,B,24,41,3
A,B,52,77,3
A,B,62,43,3
A,B,52,26,3
A,B,67,3,3
A,B,13,36,3
A,B,50,17,3
A,B,65,3,3
A,B,26,43,3
A,B,16,61,3
A,B,71,55,3
A,B,57,21,3
A,B,53,10,3
A,B,27,63,3
A,B,1,46,3
A,B,12,31,3
A,B,27,77,3
A,B,7,71,3
A,B,55,30,3
A,B,14,43,3
A,B,35,51,3
A,B,13,22,3
A,B,22,11,3
A,B,56,72,3
A,B,35,2,3
A,B,0,57,3
A,B,73,42,3
A,B,51,17,3
A,B,51,26,3
A,B,45,75,3
A,B,12,47,3
A,B,73,52,3
A,B,22,73,3
A,B,61,16,3
A,B,1,56,3
A,B,20,65,3
A,B,77,17,3
A,B,55,22,3
A,B,1,12,3
A,B,17,33,3
A,B,25,36,3
A,B,70,26,3
A,B,71,43,3
A,B,35,17,3
A,B,70,3,3
A,B,63,24,3
A,B,50,27,3
A,B,1,65,3
A,B,7,60,3
A,B,23,50,3
A,B,51,31,3
A,B,62,41,3
A,B,52,41,3
A,B,75,20,3
A,B,14,71,3
A,B,76,17,3
A,B,20,62,3
A,B,47,20,3
A,B,45,2,3
A,B,12,41,3
A,B,6,44,3
A,B,47,16,3
A,B,33,24,3
A,B,11,22,3
A,B,6,55,3
A,B,76,10,3
A,B,36,70,3
A,B,11,35,3
A,B,71,51,3
A,B,34,62,3
A,B,16,41,3
A,B,63,47,3
A,B,61,6,3
A,B,43,1,3
A,B,4,47,3
A,B,57,66,3
A,B,12,63,3
A,B,67,31,3
A,B,44,11,3
A,B,71,44,3
A,B,10,61,3
A,B,1,41,3
A,B,73,3,3
A,B,23,71,3
A,B,35,13,3
A,B,61,34,3
A,B,72,31,3
A,B,16,63,3
A,B,64,73,3
A,B,34,60,3
A,B,16,27,3
A,B,56,5,3
A,B,0,62,3
A,B,0,41,3
A,B,57,22,3
A,B,51,60,3
A,B,44,63,3
A,B,37,5,3
A,B,40,3,3
A,B,75,36,3
A,B,2,41,3
A,B,27,45,3
A,B,1,62,3
A,B,65,41,3
A,B,4,22,3
A,B,43,17,3
A,B,26,61,3
A,B,31,74,3
A,B,76,4,3
A,B,55,33,3
A,B,1,76,3
A,B,21,76,3
A,B,34,63,3
A,B,41,1,3
A,B,31,75,3
A,B,2,45,3
A,B,6,64,3
A,B,4,35,3
A,B,70,13,3
A,B,61,25,3
A,B,30,11,3
A,B,63,74,3
A,B,72,17,3
A,B,33,73,3
A,B,41,32,3
A,B,40,60,3
A,B,31,70,3
A,B,32,43,3
A,B,54,43,3
A,B,50,75,3
A,B,56,26,3
A,B,52,12,3
A,B,32,60,3
A,B,74,55,3
A,B,67,34,3
A,B,36,16,3
A,B,45,73,3
A,B,35,16,3
A,B,64,22,3
A,B,57,14,3
A,B,76,54,3
A,B,14,54,3
A,B,33,61,3
A,B,24,1,3
A,B,14,57,3
A,B,22,33,3
A,B,52,63,3
A,B,71,11,3
A,B,16,73,3
A,B,42,25,3
A,B,11,76,3
A,B,61,7,3
A,B,66,14,3
A,B,71,50,3
A,B,52,22,3
A,B,43,4,3
A,B,52,20,3
A,B,41,26,3
A,B,31,66,3
A,B,12,54,3
A,B,25,51,3
A,B,74,6,3
A,B,56,23,3
A,B,27,62,3
A,B,62,16,3
A,B,11,61,3
A,B,77,56,3
A,B,10,57,3
A,B,77,0,3
A,B,33,56,3
A,B,1,61,3
A,B,13,60,3
A,B,3,70,3
A,B,22,40,3
A,B,10,32,3
A,B,47,0,3
A,B,53,23,3
A,B,37,66,3
A,B,11,70,3
A,B,27,0,3
A,B,40,72,3
A,B,52,3,3
A,B,35,66,3
A,B,25,6,3
A,B,65,44,3
A,B,65,17,3
A,B,21,66,3
A,B,76,46,3
A,B,0,37,3
A,B,76,36,3
A,B,60,47,3
A,B,64,21,3
A,B,43,14,3
A,B,65,31,3
A,B,3,12,3
A,B,17,73,3
A,B,74,50,3
A,B,44,21,3
A,B,31,56,3
A,B,14,44,3
A,B,46,17,3
A,B,66,25,3
A,B,75,11,3
A,B,50,21,3
A,B,51,16,3
A,B,34,23,3
A,B,56,47,3
A,B,62,34,3
A,B,31,76,3
A,B,36,10,3
A,B,47,3,3
A,B,25,54,3
A,B,21,43,3
A,B,11,51,3
A,B,61,11,3
A,B,56,16,3
A,B,4,64,3
A,B,20,55,3
A,B,35,12,3
A,B,75,46,3
A,B,20,54,3
A,B,73,62,3
A,B,13,70,3
A,B,44,27,3
A,B,57,20,3
A,B,32,62,3
A,B,31,42,3
A,B,10,41,3
A,B,61,20,3
A,B,32,10,3
A,B,30,3,3
A,B,0,71,3
A,B,15,51,3
A,B,75,47,3
A,B,7,73,3
A,B,34,10,3
A,B,52,1,3
A,B,27,70,3
A,B,53,75,3
A,B,42,70,3
A,B,10,43,3
A,B,56,67,3
A,B,0,42,3
A,B,71,15,3
A,B,47,17,3
A,B,56,36,3
A,B,30,14,3
A,B,67,23,3
A,B,35,54,3
A,B,36,45,3
A,B,6,25,3
A,B,25,7,3
A,B,41,17,3
A,B,16,45,3
A,B,42,13,3
A,B,44,1,3
A,B,71,16,3
A,B,15,55,3
A,B,53,26,3
A,B,62,21,3
A,B,26,50,3
A,B,22,44,3
A,B,16,77,3
A,B,70,7,3
A,B,42,63,3
A,B,56,30,3
A,B,71,36,3
A,B,45,22,3
A,B,50,77,3
A,B,75,33,3
A,B,62,37,3
A,B,25,55,3
A,B,16,70,3
A,B,36,5,3
A,B,36,12,3
A,B,47,61,3
A,B,3,50,3
A,B,64,35,3
A,B,64,33,3
A,B,22,70,3
A,B,42,76,3
A,B,66,47,3
A,B,64,16,3
A,B,10,55,3
A,B,32,74,3
A,B,75,13,3
A,B,14,61,3
A,B,3,41,3
A,B,5,40,3
A,B,73,5,3
A,B,4,15,3
A,B,56,76,3
A,B,64,40,3
A,B,22,50,3
A,B,50,30,3
A,B,74,31,3
A,B,33,63,3
A,B,5,36,3
A,B,24,5,3
A,B,36,62,3
A,B,73,13,3
A,B,21,55,3
A,B,22,64,3
A,B,43,63,3
A,B,70,5,3
A,B,62,4,3
A,B,36,60,3
A,B,20,61,3
A,B,30,52,3
A,B,37,17,3
A,B,72,57,3
A,B,6,53,3
A,B,46,61,3
A,B,17,55,3
A,B,31,12,3
A,B,75,10,3
A,B,0,52,3
A,B,71,62,3
A,B,67,43,3
A,B,77,35,3
A,B,30,53,3
A,B,27,2,3
A,B,2,35,3
A,B,46,0,3
A,B,66,22,3
A,B,7,62,3
A,B,51,10,3
A,B,43,10,3
A,B,67,15,3
A,B,30,55,3
A,B,37,51,3
A,B,21,30,3
A,B,22,1,3
A,B,21,50,3
A,B,40,51,3
A,B,66,21,3
A,B,55,21,3
A,B,40,75,3
A,B,16,43,3
A,B,6,77,3
A,B,73,21,3
A,B,16,76,3
A,B,52,14,3
A,B,43,7,3
A,B,14,5,3
A,B,55,27,3
A,B,72,56,3
A,B,4,73,3
A,B,43,2,3
A,B,57,6,3
A,B,0,25,3
A,B,21,64,3
A,B,70,30,3
A,B,66,55,3
A,B,2,54,3
A,B,74,32,3
A,B,55,0,3
A,B,75,22,3
A,B,53,27,3
A,B,11,46,3
A,B,26,63,3
A,B,4,46,3
A,B,55,75,3
A,B,72,50,3
A,B,43,12,3
A,B,54,27,3
A,B,43,66,3
A,B,32,65,3
A,B,67,32,3
A,B,35,52,3
A,B,12,70,3
A,B,7,55,3
A,B,3,61,3
A,B,30,54,3
A,B,66,5,3
A,B,30,74,3
A,B,20,46,3
A,B,40,20,3
A,B,35,24,3
A,B,46,63,3
A,B,70,23,3
A,B,7,26,3
A,B,45,63,3
A,B,10,63,3
A,B,3,32,3
A,B,77,13,3
A,B,15,50,3
A,B,62,44,3
A,B,53,24,3
A,B,76,5,3
A,B,10,51,3
A,B,74,43,3
A,B,13,73,3
A,B,30,60,3
A,B,60,40,3
A,B,33,74,3
A,B,21,70,3
A,B,7,16,3
A,B,21,42,3
A,B,46,73,3
A,B,20,52,3
A,B,47,77,3
A,B,23,75,3
A,B,72,43,3
A,B,6,51,3
A,B,16,50,3
A,B,14,70,3
A,B,36,15,3
A,B,34,43,3
A,B,34,66,3
A,B,4,52,3
A,B,23,47,3
A,B,13,44,3
A,B,30,13,3
A,B,44,61,3
A,B,12,72,3
A,B,32,1,3
A,B,46,21,3
A,B,6,65,3
A,B,52,25,3
A,B,63,12,3
A,B,42,65,3
A,B,63,32,3
A,B,32,51,3
A,B,40,16,3
A,B,50,15,3
A,B,50,26,3
A,B,55,26,3
A,B,14,47,3
A,B,37,11,3
A,B,0,11,3
A,B,31,1,3
A,B,25,50,3
A,B,10,37,3
A,B,26,3,3
A,B,50,1,3
A,B,56,20,3
A,B,12,73,3
A,B,22,54,3
A,B,46,24,3
A,B,7,54,3
A,B,52,17,3
A,B,41,63,3
A,B,33,15,3
A,B,16,7,3
A,B,5,75,3
A,B,63,26,3
A,B,40,21,3
A,B,4,54,3
A,B,33,72,3
A,B,62,23,3
A,B,77,36,3
A,B,73,40,3
A,B,63,11,3
A,B,24,61,3
A,B,42,75,3
A,B,32,21,3
A,B,66,2,3
A,B,0,72,3
A,B,15,74,3
A,B,54,34,3
A,B,21,60,3
A,B,50,74,3
A,B,17,74,3
A,B,23,66,3
A,B,21,51,3
A,B,7,64,3
A,B,33,2,3
A,B,27,53,3
A,B,30,72,3
A,B,23,53,3
A,B,61,3,3
A,B,24,70,3
A,B,24,76,3
A,B,55,31,3
A,B,46,64,3
A,B,47,21,3
A,B,6,66,3
A,B,77,12,3
A,B,35,64,3
A,B,55,70,3
A,B,10,45,3
A,B,13,75,3
A,B,13,53,3
A,B,7,56,3
A,B,57,33,3
A,B,10,77,3
A,B,60,30,3
A,B,47,75,3
A,B,12,30,3
A,B,2,40,3
A,B,35,74,3
A,B,17,52,3
A,B,2,36,3
A,B,46,3,3
A,B,67,0,3
A,B,6,60,3
A,B,40,64,3
A,B,11,20,3
A,B,4,34,3
A,B,21,53,3
A,B,54,5,3
A,B,21,47,3
A,B,74,26,3
A,B,44,7,3
A,B,63,43,3
A,B,1,71,3
A,B,22,77,3
A,B,17,40,3
A,B,16,47,3
A,B,72,1,3
A,B,21,7,3
A,B,3,51,3
A,B,0,24,3
A,B,11,42,3
A,B,66,45,3
A,B,55,23,3
A,B,64,37,3
A,B,36,25,3
A,B,57,5,3
A,B,16,71,3
A,B,60,32,3
A,B,1,26,3
A,B,34,16,3
A,B,6,73,3
A,B,53,32,3
A,B,42,11,3
A,B,41,7,3
A,B,20,1,3
A,B,33,3,3
A,B,25,61,3
A,B,61,33,3
A,B,53,1,3
A,B,22,51,3
A,B,7,30,3
A,B,54,31,3
A,B,26,40,3
A,B,52,16,3
A,B,67,47,3
A,B,56,7,3
A,B,7,74,3
A,B,23,4,3
A,B,15,24,3
A,B,47,11,3
A,B,5,74,3
A,B,54,21,3
A,B,31,13,3
A,B,30,73,3
A,B,55,3,3
A,B,17,45,3
A,B,36,66,3
A,B,74,22,3
A,B,61,5,3
A,B,13,2,3
A,B,77,46,3
A,B,14,64,3
A,B,77,54,3
A,B,74,47,3
A,B,77,16,3
A,B,71,57,3
A,B,20,45,3
A,B,41,73,3
A,B,12,32,3
A,B,52,10,3
A,B,44,20,3
A,B,64,5,3
A,B,31,51,3
A,B,21,12,3
A,B,65,74,3
A,B,72,45,3
A,B,65,76,3
A,B,51,12,3
A,B,40,24,3
A,B,46,37,3
A,B,65,0,3
A,B,12,71,3
A,B,23,41,3
A,B,66,17,3
A,B,52,5,3
A,B,47,12,3
A,B,26,51,3
A,B,24,56,3
A,B,71,37,3
A,B,77,30,3
A,B,53,17,3
A,B,53,74,3
A,B,40,1,3
A,B,53,25,3
A,B,54,10,3
A,B,34,17,3
A,B,30,16,3
A,B,23,40,3
A,B,57,1,3
A,B,3,47,3
A,B,40,11,3
A,B,66,12,3
A,B,23,76,3
A,B,20,6,3
A,B,31,57,3
A,B,53,44,3
A,B,50,72,3
A,B,43,24,3
A,B,14,46,3
A,B,7,23,3
A,B,1,47,3
A,B,3,62,3
A,B,42,77,3
A,B,21,6,3
A,B,14,45,3
A,B,67,12,3
A,B,56,75,3
A,B,30,56,3
A,B,65,56,3
A,B,70,11,3
A,B,55,4,3
A,B,42,0,3
A,B,50,76,3
A,B,53,14,3
A,B,64,15,3
A,B,32,12,3
A,B,45,5,3
A,B,31,50,3
A,B,43,23,3
A,B,64,12,3
A,B,2,26,3
A,B,1,22,3
A,B,25,44,3
A,B,10,50,3
A,B,25,47,3
A,B,13,30,3
A,B,66,0,3
A,B,71,35,3
A,B,53,31,3
A,B,57,27,3
A,B,64,53,3
A,B,2,73,3
A,B,75,50,3
A,B,27,72,3
A,B,57,72,3
A,B,5,61,3
A,B,61,12,3
A,B,0,44,3
A,B,57,13,3
A,B,2,65,3
A,B,35,26,3
A,B,5,26,3
A,B,13,33,3
A,B,13,65,3
A,B,12,75,3
A,B,73,43,3
A,B,20,40,3
A,B,75,64,3
A,B,44,10,3
A,B,33,54,3
A,B,34,14,3
A,B,77,22,3
A,B,67,56,3
A,B,56,21,3
A,B,72,32,3
A,B,34,75,3
A,B,36,50,3
A,B,32,71,3
A,B,67,5,3
A,B,67,33,3
A,B,72,36,3
A,B,56,14,3
A,B,75,4,3
A,B,3,46,3
A,B,1,53,3
A,B,77,33,3
A,B,0,74,3
A,B,40,5,3
A,B,15,44,3
A,B,13,71,3
A,B,25,4,3
A,B,15,70,3
A,B,30,71,3
A,B,3,45,3
A,B,70,17,3
A,B,47,76,3
A,B,20,76,3
A,B,0,30,3
A,B,24,72,3
A,B,23,64,3
A,B,71,20,3
A,B,44,6,3
A,B,67,44,3
A,B,15,76,3
A,B,24,13,3
A,B,24,46,3
A,B,12,53,3
A,B,23,67,3
A,B,71,34,3
A,B,33,7,3
A,B,22,62,3
A,B,56,6,3
A,B,53,30,3
A,B,31,7,3
A,B,10,42,3
A,B,31,22,3
A,B,72,20,3
A,B,77,45,3
A,B,63,1,3
A,B,62,71,3
A,B,1,51,3
A,B,63,37,3
A,B,21,75,3
A,B,4,70,3
A,B,42,67,3
A,B,11,32,3
A,B,44,5,3
A,B,44,72,3
A,B,12,36,3
A,B,54,70,3
A,B,44,73,3
A,B,53,33,3
A,B,20,42,3
A,B,44,67,3
A,B,74,44,3
A,B,61,44,3
A,B,25,67,3
A,B,11,30,3
A,B,75,0,3
A,B,3,42,3
A,B,74,11,3
A,B,73,26,3
A,B,2,33,3
A,B,73,6,3
A,B,76,24,3
A,B,45,72,3
A,B,64,20,3
A,B,60,20,3
A,B,15,31,3
A,B,72,0,3
A,B,7,63,3
A,B,45,64,3
A,B,57,32,3
A,B,22,60,3
A,B,32,67,3
A,B,42,26,3
A,B,42,14,3
A,B,25,14,3
A,B,41,27,3
A,B,41,10,3
A,B,55,24,3
A,B,43,65,3
A,B,45,65,3
A,B,7,42,3
A,B,11,73,3
A,B,32,52,3
A,B,17,31,3
A,B,52,43,3
A,B,54,25,3
A,B,1,70,3
A,B,14,30,3
A,B,11,50,3
A,B,30,12,3
A,B,43,6,3
A,B,41,14,3
A,B,62,20,3
A,B,73,12,3
A,B,15,61,3
A,B,45,70,3
A,B,3,66,3
A,B,3,57,3
A,B,54,26,3
A,B,64,14,3
A,B,43,61,3
A,B,35,70,3
A,B,70,56,3
A,B,6,67,3
A,B,20,11,3
A,B,27,50,3
A,B,66,57,3
A,B,63,44,3
A,B,76,13,3
A,B,35,10,3
A,B,74,65,3
A,B,41,0,3
A,B,51,5,3
A,B,73,46,3
A,B,46,13,3
A,B,11,53,3
A,B,13,35,3
A,B,7,72,3
A,B,72,26,3
A,B,43,52,3
A,B,51,21,3
A,B,4,67,3
A,B,64,34,3
A,B,31,54,3
A,B,22,45,3
A,B,14,77,3
A,B,21,44,3
A,B,46,71,3
A,B,3,35,3
A,B,22,53,3
A,B,34,45,3
A,B,42,2,3
A,B,55,10,3
A,B,45,34,3
A,B,60,33,3
A,B,57,23,3
A,B,37,72,3
A,B,25,0,3
A,B,33,76,3
A,B,27,47,3
A,B,1,57,3
A,B,2,25,3
A,B,71,60,3
A,B,4,37,3
A,B,13,51,3
A,B,32,6,3
A,B,34,7,3
A,B,60,26,3
A,B,62,13,3
A,B,24,6,3
A,B,65,30,3
A,B,34,6,3
A,B,52,32,3
A,B,66,40,3
A,B,24,42,3
A,B,67,42,3
A,B,23,63,3
A,B,74,51,3
A,B,50,31,3
A,B,2,67,3
A,B,36,4,3
A,B,65,27,3
A,B,15,77,3
A,B,66,77,3
A,B,55,17,3
A,B,4,33,3
A,B,26,73,3
A,B,6,30,3
A,B,5,43,3
A,B,32,63,3
A,B,63,23,3
A,B,66,42,3
A,B,26,57,3
A,B,24,3,3
A,B,61,70,3
A,B,6,27,3
A,B,1,75,3
A,B,11,65,3
A,B,20,43,3
A,B,60,13,3
A,B,50,71,3
A,B,7,24,3
A,B,54,3,3
A,B,5,16,3
A,B,63,35,3
A,B,24,75,3
A,B,16,75,3
A,B,55,44,3
A,B,52,73,3
A,B,42,15,3
A,B,60,12,3
A,B,73,22,3
A,B,44,62,3
A,B,23,7,3
A,B,66,6,3
A,B,65,40,3
A,B,76,56,3
A,B,33,13,3
A,B,23,12,3
A,B,6,26,3
A,B,63,13,3
A,B,60,1,3
A,B,63,41,3
A,B,26,0,3
A,B,3,73,3
A,B,41,16,3
A,B,55,5,3
A,B,15,47,3
A,B,35,3,3
A,B,26,42,3
A,B,72,42,3
A,B,23,54,3
A,B,6,45,3
A,B,7,34,3
A,B,74,27,3
A,B,44,76,3
A,B,65,46,3
A,B,74,35,3
A,B,23,65,3
A,B,65,35,3
A,B,40,7,3
A,B,45,7,3
A,B,41,24,3
A,B,41,4,3
A,B,25,71,3
A,B,51,27,3
A,B,32,3,3
A,B,34,51,3
A,B,70,46,3
A,B,62,7,3
A,B,67,14,3
A,B,41,71,3
A,B,54,14,3
A,B,37,75,3
A,B,57,4,3
A,B,31,16,3
A,B,44,66,3
A,B,46,55,3
A,B,47,66,3
A,B,16,31,3
A,B,67,13,3
A,B,46,14,3
A,B,25,70,3
A,B,74,3,3
A,B,10,46,3
A,B,41,75,3
A,B,34,0,3
A,B,25,41,3
A,B,15,45,3
A,B,14,42,3
A,B,41,11,3
A,B,31,61,3
A,B,55,35,3
A,B,2,53,3
A,B,76,35,3
A,B,40,76,3
A,B,3,14,3
A,B,22,66,3
A,B,42,66,3
A,B,25,56,3
A,B,60,27,3
A,B,66,41,3
A,B,27,41,3
A,B,7,50,3
A,B,5,46,3
A,B,46,25,3
A,B,20,75,3
A,B,62,11,3
A,B,76,22,3
A,B,3,55,3
A,B,36,54,3
A,B,73,31,3
A,B,27,4,3
A,B,22,76,3
A,B,25,60,3
A,B,35,15,3
A,B,65,45,3
A,B,66,23,3
A,B,26,67,3
A,B,71,46,3
A,B,33,11,3
A,B,17,26,3
A,B,44,26,3
A,B,12,34,3
A,B,52,21,3
A,B,56,45,3
A,B,21,62,3
A,B,4,65,3
A,B,24,65,3
A,B,24,40,3
A,B,46,6,3
A,B,6,61,3
A,B,46,4,3
A,B,0,63,3
A,B,43,54,3
A,B,61,24,3
A,B,72,35,3
A,B,54,13,3
A,B,75,14,3
A,B,27,60,3
A,B,35,46,3
A,B,66,44,3
A,B,70,33,3
A,B,4,41,3
A,B,12,3,3
A,B,51,76,3
A,B,57,16,3
A,B,33,42,3
A,B,72,30,3
A,B,13,74,3
A,B,67,37,3
A,B,7,43,3
A,B,13,32,3
A,B,52,30,3
A,B,17,53,3
A,B,0,75,3
A,B,23,34,3
A,B,73,34,3
A,B,62,15,3
A,B,26,71,3
A,B,51,73,3
A,B,51,72,3
A,B,7,20,3
A,B,47,56,3
A,B,72,22,3
A,B,10,44,3
A,B,13,56,3
A,B,42,12,3
A,B,37,53,3
A,B,72,23,3
A,B,41,76,3
A,B,17,43,3
A,B,26,52,3
A,B,64,43,3
A,B,33,60,3
A,B,40,61,3
A,B,33,5,3
A,B,76,65,3
A,B,23,55,3
A,B,44,65,3
A,B,2,56,3
A,B,14,67,3
A,B,14,23,3
A,B,44,35,3
A,B,33,77,3
A,B,62,33,3
A,B,76,40,3
A,B,63,0,3
A,B,75,16,3
A,B,12,44,3
A,B,2,52,3
A,B,53,42,3
A,B,24,55,3
A,B,36,55,3
A,B,0,27,3
A,B,57,2,3
A,B,70,36,3
A,B,47,4,3
A,B,27,52,3
A,B,13,37,3
A,B,16,44,3
A,B,32,72,3
A,B,23,51,3
A,B,61,72,3
A,B,42,64,3
A,B,15,35,3
A,B,46,2,3
A,B,32,0,3
A,B,5,30,3
A,B,67,30,3
A,B,77,42,3
A,B,75,35,3
A,B,23,62,3
A,B,21,67,3
A,B,46,72,3
A,B,11,47,3
A,B,55,13,3
A,B,63,21,3
A,B,3,25,3
A,B,34,11,3
A,B,1,35,3
A,B,2,63,3
A,B,73,17,3
A,B,42,7,3
A,B,43,73,3
A,B,4,53,3
A,B,72,12,3
A,B,74,20,3
A,B,40,6,3
A,B,12,65,3
A,B,5,32,3
A,B,57,24,3
A,B,27,7,3
A,B,34,1,3
A,B,2,60,3
A,B,12,76,3
A,B,40,22,3
A,B,77,25,3
A,B,23,45,3
A,B,22,67,3
A,B,31,55,3
A,B,63,6,3
A,B,16,5,3
A,B,45,12,3
A,B,65,6,3
A,B,27,65,3
A,B,44,53,3
A,B,72,13,3
A,B,60,34,3
A,B,70,6,3
A,B,36,75,3
A,B,41,67,3
A,B,45,24,3
A,B,66,7,3
A,B,0,65,3
A,B,52,74,3
A,B,26,53,3
A,B,76,53,3
A,B,5,41,3
A,B,64,13,3
A,B,10,70,3
A,B,15,6,3
A,B,37,60,3
A,B,41,30,3
A,B,7,37,3
A,B,34,57,3
A,B,53,20,3
A,B,16,36,3
A,B,45,77,3
A,B,7,67,3
A,B,46,11,3
A,B,16,51,3
A,B,33,55,3
A,B,24,73,3
A,B,45,10,3
A,B,27,46,3
A,B,76,37,3
A,B,72,14,3
A,B,16,40,3
A,B,61,30,3
A,B,26,60,3
A,B,5,77,3
A,B,14,55,3
A,B,4,55,3
A,B,32,76,3
A,B,35,76,3
A,B,34,12,3
A,B,64,45,3
A,B,71,40,3
A,B,57,11,3
A,B,60,6,3
A,B,4,24,3
A,B,34,55,3
A,B,51,40,3
A,B,75,17,3
A,B,32,7,3
A,B,0,34,3
A,B,20,74,3
A,B,40,31,3
A,B,31,62,3
A,B,70,43,3
A,B,51,1,3
A,B,5,35,3
A,B,51,74,3
A,B,60,51,3
A,B,44,75,3
A,B,77,3,3
A,B,73,20,3
A,B,4,23,3
A,B,54,7,3
A,B,75,45,3
A,B,63,42,3
A,B,63,52,3
A,B,0,33,3
A,B,65,11,3
A,B,32,75,3
A,B,23,57,3
A,B,1,50,3
A,B,37,10,3
A,B,34,61,3
A,B,23,14,3
A,B,53,16,3
A,B,3,23,3
A,B,37,70,3
A,B,74,54,3
A,B,17,41,3
A,B,14,50,3
A,B,7,76,3
A,B,6,52,3
A,B,62,12,3
A,B,47,25,3
A,B,64,11,3
A,B,64,4,3
A,B,1,67,3
A,B,36,73,3
A,B,46,60,3
A,B,1,60,3
A,B,2,66,3
A,B,5,20,3
A,B,35,61,3
A,B,60,43,3
A,B,46,15,3
A,B,77,66,3
A,B,21,54,3
A,B,75,41,3
A,B,6,21,3
A,B,54,63,3
A,B,64,0,3
A,B,74,33,3
A,B,1,72,3
A,B,4,13,3
A,B,52,36,3
A,B,72,4,3
A,B,41,12,3
A,B,7,44,3
A,B,12,57,3
A,B,74,41,3
A,B,23,52,3
A,B,4,42,3
A,B,22,4,3
A,B,64,32,3
A,B,55,73,3
A,B,5,70,3
A,B,51,4,3
A,B,5,62,3
A,B,73,35,3
A,B,4,36,3
A,B,3,65,3
A,B,16,52,3
A,B,65,22,3
A,B,12,66,3
A,B,16,55,3
A,B,15,40,3
A,B,40,66,3
A,B,76,34,3
A,B,10,56,3
A,B,72,44,3
A,B,45,25,3
A,B,4,76,3
A,B,45,4,3
A,B,75,55,3
A,B,32,2,3
A,B,52,70,3
A,B,64,41,3
A,B,13,34,3
A,B,71,45,3
A,B,50,7,3
A,B,64,24,3
A,B,52,75,3
A,B,7,32,3
A,B,61,2,3
A,B,56,3,3
A,B,32,56,3
A,B,64,26,3
A,B,7,45,3
A,B,45,11,3
A,B,75,15,3
A,B,53,71,3
A,B,21,45,3
A,B,21,40,3
A,B,52,76,3
A,B,40,62,3
A,B,31,4,3
A,B,45,15,3
A,B,1,63,3
A,B,67,10,3
A,B,33,65,3
A,B,36,63,3
A,B,1,45,3
A,B,12,33,3
A,B,46,66,3
A,B,77,34,3
A,B,17,72,3
A,B,51,70,3
A,B,3,24,3
A,B,15,53,3
A,B,23,43,3
A,B,63,10,3
A,B,66,75,3
A,B,2,22,3
A,B,13,47,3
A,B,0,40,3
A,B,33,44,3
A,B,45,20,3
A,B,75,23,3
A,B,74,16,3
A,B,57,17,3
A,B,33,16,3
A,B,44,77,3
A,B,45,66,3
A,B,70,2,3
A,B,5,21,3
A,B,63,34,3
A,B,73,15,3
A,B,45,60,3
A,B,21,46,3
A,B,3,36,3
A,B,56,17,3
A,B,0,73,3
A,B,22,72,3
A,B,40,25,3
A,B,0,64,3
A,B,57,74,3
A,B,40,14,3
A,B,2,51,3
A,B,41,3,3
A,B,60,23,3
A,B,7,31,3
A,B,36,14,3
A,B,13,40,3
A,B,70,4,3
A,B,64,42,3
A,B,32,4,3
A,B,42,71,3
A,B,15,32,3
A,B,75,30,3
A,B,26,17,3
A,B,52,71,3
A,B,26,75,3
A,B,4,30,3
A,B,5,31,3
A,B,1,64,3
A,B,46,62,3
A,B,2,31,3
A,B,34,13,3
A,B,15,56,3
A,B,7,52,3
A,B,14,73,3
A,B,11,72,3
A,B,5,51,3
A,B,43,13,3
A,B,33,6,3
A,B,33,14,3
A,B,7,66,3
A,B,51,62,3
A,B,36,17,3
A,B,30,6,3
A,B,76,0,3
A,B,71,30,3
A,B,6,71,3
A,B,70,47,3
A,B,4,62,3
A,B,47,2,3
A,B,11,57,3
A,B,71,6,3
A,B,25,53,3
A,B,31,3,3
A,B,37,57,3
A,B,17,44,3
A,B,2,44,3
A,B,20,47,3
A,B,40,15,3
A,B,0,43,3
A,B,62,35,3
A,B,30,1,3
A,B,60,36,3
A,B,32,73,3
A,B,47,13,3
A,B,32,77,3
A,B,12,45,3
A,B,35,53,3
A,B,14,72,3
A,B,26,4,3
A,B,60,44,3
A,B,22,43,3
A,B,43,16,3
A,B,71,54,3
A,B,22,46,3
A,B,35,55,3
A,B,72,25,3
A,B,51,15,3
A,B,4,21,3
A,B,3,64,3
A,B,4,31,3
A,B,6,54,3
A,B,25,43,3
A,B,45,0,3
A,B,50,4,3
A,B,72,7,3
A,B,50,73,3
A,B,20,5,3
A,B,64,17,3
A,B,55,66,3
A,B,67,76,3
A,B,66,11,3
A,B,16,30,3
A,B,74,4,3
A,B,34,64,3
A,B,24,43,3
A,B,11,40,3
A,B,4,63,3
A,B,51,77,3
A,B,17,51,3
A,B,27,56,3
A,B,12,62,3
A,B,43,77,3
A,B,61,37,3
A,B,34,56,3
A,B,36,13,3
A,B,70,53,3
A,B,55,76,3
A,B,64,7,3
A,B,33,53,3
A,B,30,21,3
A,B,61,43,3
A,B,21,41,3
A,B,74,23,3
A,B,0,20,3
A,B,3,77,3
A,B,46,23,3
A,B,16,32,3
A,B,60,15,3
A,B,21,4,3
A,B,66,4,3
A,B,65,14,3
A,B,47,70,3
A,B,11,2,3
A,B,52,11,3
A,B,6,24,3
A,B,2,37,3
A,B,12,43,3
A,B,5,72,3
A,B,34,2,3
A,B,7,65,3
A,B,77,5,3
A,B,16,62,3
A,B,23,44,3
A,B,50,3,3
A,B,3,20,3
A,B,20,60,3
A,B,43,11,3
A,B,34,54,3
A,B,52,34,3
A,B,7,27,3
A,B,51,0,3
A,B,52,7,3
A,B,54,33,3
A,B,74,24,3
A,B,30,2,3
A,B,10,21,3
A,B,34,4,3
A,B,54,65,3
A,B,11,33,3
A,B,11,77,3
A,B,35,14,3
A,B,77,57,3
A,B,75,54,3
A,B,6,34,3
A,B,71,3,3
A,B,10,72,3
A,B,21,1,3
A,B,37,64,3
A,B,60,17,3
A,B,10,76,3
A,B,2,70,3
A,B,35,0,3
A,B,24,66,3
A,B,65,33,3
A,B,12,52,3
A,B,61,52,3
A,B,3,37,3
A,B,15,57,3
A,B,41,20,3
A,B,47,10,3
A,B,77,15,3
A,B,40,13,3
A,B,50,41,3
A,B,11,31,3
A,B,16,46,3
A,B,67,36,3
A,B,63,14,3
A,B,0,45,3
A,B,46,67,3
A,B,16,67,3
A,B,17,64,3
A,B,32,5,3
A,B,44,60,3
A,B,73,54,3
A,B,17,71,3
A,B,7,25,3
A,B,76,15,3
A,B,26,5,3
A,B,1,27,3
A,B,2,21,3
A,B,22,75,3
A,B,12,42,3
A,B,63,33,3
A,B,26,15,3
A,B,10,65,3
A,B,27,57,3
A,B,1,36,3
A,B,6,47,3
A,B,71,14,3
A,B,25,5,3
A,B,56,0,3
A,B,22,57,3
A,B,2,30,3
A,B,7,40,3
A,B,57,12,3
A,B,34,67,3
A,B,41,70,3
A,B,53,73,3
A,B,30,64,3
A,B,77,11,3
A,B,54,73,3
A,B,13,54,3
A,B,53,12,3
A,B,21,10,3
A,B,46,16,3
A,B,15,42,3
A,B,2,46,3
A,B,73,14,3
A,B,45,27,3
A,B,34,65,3
A,B,73,4,3
A,B,43,75,3
A,B,24,45,3
A,B,23,42,3
A,B,2,42,3
A,B,35,71,3
A,B,45,1,3
A,B,21,77,3
A,B,71,32,3
A,B,47,1,3
A,B,11,63,3
A,B,60,42,3
A,B,61,47,3
A,B,12,35,3
A,B,24,2,3
A,B,26,54,3
A,B,33,67,3
A,B,62,2,3
A,B,73,47,3
A,B,32,41,3
A,B,70,15,3
A,B,76,27,3
A,B,55,77,3
A,B,20,57,3
A,B,14,75,3
A,B,35,73,3
A,B,51,71,3
A,B,13,77,3
A,B,42,1,3
A,B,62,36,3
A,B,50,16,3
A,B,64,75,3
A,B,25,46,3
A,B,26,41,3
A,B,70,50,3
A,B,71,52,3
A,B,22,6,3
A,B,57,35,3
A,B,66,30,3
A,B,54,6,3
A,B,75,44,3
A,B,57,73,3
A,B,62,14,3
A,B,24,35,3
A,B,11,75,3
A,B,26,66,3
A,B,71,27,3
A,B,71,17,3
A,B,25,57,3
A,B,44,14,3
A,B,40,63,3
A,B,13,55,3
A,B,21,5,3
A,B,64,44,3
A,B,61,17,3
A,B,37,65,3
A,B,10,66,3
A,B,16,57,3
A,B,46,65,3
A,B,46,27,3
A,B,60,0,3
A,B,54,0,3
A,B,25,77,3
A,B,70,45,3
A,B,25,64,3
A,B,36,51,3
A,B,72,24,3
A,B,74,45,3
A,B,75,56,3
A,B,42,16,3
A,B,31,60,3
A,B,64,27,3
A,B,73,36,3
A,B,57,46,3
A,B,77,24,3
A,B,53,34,3
A,B,73,2,3
A,B,23,70,3
A,B,40,65,3
A,B,4,40,3
A,B,25,3,3
A,B,3,21,3
A,B,46,12,3
A,B,23,73,3
A,B,42,20,3
A,B,67,1,3
A,B,31,14,3
A,B,32,64,3
A,B,54,23,3
A,B,6,72,3
A,B,60,31,3
A,B,16,54,3
A,B,25,65,3
A,B,33,4,3
A,B,47,67,3
A,B,34,70,3
A,B,56,11,3
A,B,54,71,3
A,B,43,67,3
A,B,5,52,3
